Filename,Frame,Size,HumanLarge,HumanSmall,ComputerSmall
0XSHK7LE1LI9UVTH9Z.avi,0,766,0,0,0
0XSHK7LE1LI9UVTH9Z.avi,1,788,0,0,0
0XSHK7LE1LI9UVTH9Z.avi,2,802,0,0,0
0XSHK7LE1LI9UVTH9Z.avi,3,817,0,0,0
0XSHK7LE1LI9UVTH9Z.avi,4,822,0,0,0
0XSHK7LE1LI9UVTH9Z.avi,5,792,0,0,0
0XSHK7LE1LI9UVTH9Z.avi,6,782,0,0,0
0XSHK7LE1LI9UVTH9Z.avi,7,787,0,0,0
0XSHK7LE1LI9UVTH9Z.avi,8,745,0,0,0
0XSHK7LE1LI9UVTH9Z.avi,9,765,0,0,0
0XSHK7LE1LI9UVTH9Z.avi,10,763,0,0,0
0XSHK7LE1LI9UVTH9Z.avi,11,744,0,0,0
0XSHK7LE1LI9UVTH9Z.avi,12,703,0,0,0
0XSHK7LE1LI9UVTH9Z.avi,13,696,0,0,0
0XSHK7LE1LI9UVTH9Z.avi,14,611,0,0,1
0XSHK7LE1LI9UVTH9Z.avi,15,673,0,0,0
0XSHK7LE1LI9UVTH9Z.avi,16,656,0,0,0
0XSHK7LE1LI9UVTH9Z.avi,17,670,0,0,0
0XSHK7LE1LI9UVTH9Z.avi,18,681,0,0,0
0XSHK7LE1LI9UVTH9Z.avi,19,744,0,0,0
0XSHK7LE1LI9UVTH9Z.avi,20,736,0,0,0
0XSHK7LE1LI9UVTH9Z.avi,21,707,0,0,0
0XSHK7LE1LI9UVTH9Z.avi,22,684,0,0,0
0XSHK7LE1LI9UVTH9Z.avi,23,742,0,0,0
0XSHK7LE1LI9UVTH9Z.avi,24,701,0,0,0
0XSHK7LE1LI9UVTH9Z.avi,25,784,0,0,0
0XSHK7LE1LI9UVTH9Z.avi,26,770,0,0,0
0XSHK7LE1LI9UVTH9Z.avi,27,801,0,0,0
0XSHK7LE1LI9UVTH9Z.avi,28,773,0,0,0
0XSHK7LE1LI9UVTH9Z.avi,29,691,0,0,0
0XSHK7LE1LI9UVTH9Z.avi,30,747,0,0,0
0XSHK7LE1LI9UVTH9Z.avi,31,806,0,0,0
0XSHK7LE1LI9UVTH9Z.avi,32,849,0,0,0
0XSHK7LE1LI9UVTH9Z.avi,33,868,0,0,0
0XSHK7LE1LI9UVTH9Z.avi,34,852,0,0,0
0XSHK7LE1LI9UVTH9Z.avi,35,867,0,0,0
0XSHK7LE1LI9UVTH9Z.avi,36,835,0,0,0
0XSHK7LE1LI9UVTH9Z.avi,37,826,0,0,0
0XSHK7LE1LI9UVTH9Z.avi,38,846,0,0,0
0XSHK7LE1LI9UVTH9Z.avi,39,825,0,0,0
0XSHK7LE1LI9UVTH9Z.avi,40,823,0,0,0
0XSHK7LE1LI9UVTH9Z.avi,41,826,0,0,0
0XSHK7LE1LI9UVTH9Z.avi,42,844,0,0,0
0XSHK7LE1LI9UVTH9Z.avi,43,834,0,0,0
0XSHK7LE1LI9UVTH9Z.avi,44,875,0,0,0
0XSHK7LE1LI9UVTH9Z.avi,45,893,0,0,0
0XSHK7LE1LI9UVTH9Z.avi,46,916,0,0,0
0XSHK7LE1LI9UVTH9Z.avi,47,943,0,0,0
0XSHK7LE1LI9UVTH9Z.avi,48,948,0,0,0
0XSHK7LE1LI9UVTH9Z.avi,49,943,0,0,0
0XSHK7LE1LI9UVTH9Z.avi,50,856,0,0,0
0XSHK7LE1LI9UVTH9Z.avi,51,916,0,0,0
0XSHK7LE1LI9UVTH9Z.avi,52,945,0,0,0
0XSHK7LE1LI9UVTH9Z.avi,53,959,0,0,0
0XSHK7LE1LI9UVTH9Z.avi,54,884,0,0,0
0XSHK7LE1LI9UVTH9Z.avi,55,903,0,0,0
0XSHK7LE1LI9UVTH9Z.avi,56,818,0,0,0
0XSHK7LE1LI9UVTH9Z.avi,57,871,0,0,0
0XSHK7LE1LI9UVTH9Z.avi,58,835,0,0,0
0XSHK7LE1LI9UVTH9Z.avi,59,851,0,0,0
0XSHK7LE1LI9UVTH9Z.avi,60,886,0,0,0
0XSHK7LE1LI9UVTH9Z.avi,61,820,0,0,0
0XSHK7LE1LI9UVTH9Z.avi,62,859,0,0,0
0XSHK7LE1LI9UVTH9Z.avi,63,865,0,0,0
0XSHK7LE1LI9UVTH9Z.avi,64,813,0,0,0
0XSHK7LE1LI9UVTH9Z.avi,65,860,0,0,0
0XSHK7LE1LI9UVTH9Z.avi,66,830,0,0,0
0XSHK7LE1LI9UVTH9Z.avi,67,831,0,0,0
0XSHK7LE1LI9UVTH9Z.avi,68,901,0,0,0
0XSHK7LE1LI9UVTH9Z.avi,69,884,0,0,0
0XSHK7LE1LI9UVTH9Z.avi,70,959,0,0,0
0XSHK7LE1LI9UVTH9Z.avi,71,940,0,0,0
0XSHK7LE1LI9UVTH9Z.avi,72,922,0,0,0
0XSHK7LE1LI9UVTH9Z.avi,73,807,0,0,1
0XSHK7LE1LI9UVTH9Z.avi,74,842,0,0,0
0XSHK7LE1LI9UVTH9Z.avi,75,851,0,0,0
0XSHK7LE1LI9UVTH9Z.avi,76,888,0,0,0
0XSHK7LE1LI9UVTH9Z.avi,77,932,0,0,0
0XSHK7LE1LI9UVTH9Z.avi,78,932,0,0,0
0XSHK7LE1LI9UVTH9Z.avi,79,896,0,0,0
0XSHK7LE1LI9UVTH9Z.avi,80,921,0,0,0
0XSHK7LE1LI9UVTH9Z.avi,81,997,0,0,0
0XSHK7LE1LI9UVTH9Z.avi,82,894,0,0,0
0XSHK7LE1LI9UVTH9Z.avi,83,914,0,0,0
0XSHK7LE1LI9UVTH9Z.avi,84,888,0,0,0
0XSHK7LE1LI9UVTH9Z.avi,85,924,0,0,0
0XSHK7LE1LI9UVTH9Z.avi,86,900,0,0,0
0XSHK7LE1LI9UVTH9Z.avi,87,947,0,0,0
0XSHK7LE1LI9UVTH9Z.avi,88,925,0,0,0
0XSHK7LE1LI9UVTH9Z.avi,89,978,0,0,0
0XSHK7LE1LI9UVTH9Z.avi,90,957,0,0,0
0XSHK7LE1LI9UVTH9Z.avi,91,999,0,0,0
0XSHK7LE1LI9UVTH9Z.avi,92,974,0,0,0
0XSHK7LE1LI9UVTH9Z.avi,93,980,0,0,0
0XSHK7LE1LI9UVTH9Z.avi,94,956,0,0,0
0XSHK7LE1LI9UVTH9Z.avi,95,944,0,0,0
0XSHK7LE1LI9UVTH9Z.avi,96,959,0,0,0
0XSHK7LE1LI9UVTH9Z.avi,97,1003,0,0,0
0XSHK7LE1LI9UVTH9Z.avi,98,1015,0,0,0
0XSHK7LE1LI9UVTH9Z.avi,99,1032,0,0,0
0XEDQ4UM5O0MTFY0Y7.avi,0,767,0,0,0
0XEDQ4UM5O0MTFY0Y7.avi,1,774,0,0,0
0XEDQ4UM5O0MTFY0Y7.avi,2,789,0,0,0
0XEDQ4UM5O0MTFY0Y7.avi,3,781,0,0,0
0XEDQ4UM5O0MTFY0Y7.avi,4,772,0,0,0
0XEDQ4UM5O0MTFY0Y7.avi,5,749,0,0,0
0XEDQ4UM5O0MTFY0Y7.avi,6,732,0,0,0
0XEDQ4UM5O0MTFY0Y7.avi,7,718,0,0,0
0XEDQ4UM5O0MTFY0Y7.avi,8,683,0,0,0
0XEDQ4UM5O0MTFY0Y7.avi,9,712,0,0,0
0XEDQ4UM5O0MTFY0Y7.avi,10,737,0,0,0
0XEDQ4UM5O0MTFY0Y7.avi,11,722,0,0,0
0XEDQ4UM5O0MTFY0Y7.avi,12,736,0,0,0
0XEDQ4UM5O0MTFY0Y7.avi,13,734,0,0,0
0XEDQ4UM5O0MTFY0Y7.avi,14,666,0,0,0
0XEDQ4UM5O0MTFY0Y7.avi,15,690,0,0,0
0XEDQ4UM5O0MTFY0Y7.avi,16,643,0,0,0
0XEDQ4UM5O0MTFY0Y7.avi,17,595,0,0,0
0XEDQ4UM5O0MTFY0Y7.avi,18,577,0,0,0
0XEDQ4UM5O0MTFY0Y7.avi,19,545,0,0,0
0XEDQ4UM5O0MTFY0Y7.avi,20,559,0,0,0
0XEDQ4UM5O0MTFY0Y7.avi,21,582,0,0,0
0XEDQ4UM5O0MTFY0Y7.avi,22,541,0,0,0
0XEDQ4UM5O0MTFY0Y7.avi,23,539,0,0,1
0XEDQ4UM5O0MTFY0Y7.avi,24,613,0,0,0
0XEDQ4UM5O0MTFY0Y7.avi,25,714,0,0,0
0XEDQ4UM5O0MTFY0Y7.avi,26,726,0,0,0
0XEDQ4UM5O0MTFY0Y7.avi,27,671,0,0,0
0XEDQ4UM5O0MTFY0Y7.avi,28,668,0,0,0
0XEDQ4UM5O0MTFY0Y7.avi,29,603,0,0,0
0XEDQ4UM5O0MTFY0Y7.avi,30,642,0,0,0
0XEDQ4UM5O0MTFY0Y7.avi,31,664,0,0,0
0XEDQ4UM5O0MTFY0Y7.avi,32,707,0,0,0
0XEDQ4UM5O0MTFY0Y7.avi,33,784,0,0,0
0XEDQ4UM5O0MTFY0Y7.avi,34,801,0,0,0
0XEDQ4UM5O0MTFY0Y7.avi,35,783,0,0,0
0XEDQ4UM5O0MTFY0Y7.avi,36,792,0,0,0
0XEDQ4UM5O0MTFY0Y7.avi,37,802,0,0,0
0XEDQ4UM5O0MTFY0Y7.avi,38,770,0,0,0
0XEDQ4UM5O0MTFY0Y7.avi,39,739,0,0,0
0XEDQ4UM5O0MTFY0Y7.avi,40,784,0,0,0
0XEDQ4UM5O0MTFY0Y7.avi,41,795,0,0,0
0XEDQ4UM5O0MTFY0Y7.avi,42,767,0,0,0
0XEDQ4UM5O0MTFY0Y7.avi,43,766,0,0,0
0XEDQ4UM5O0MTFY0Y7.avi,44,782,0,0,0
0XEDQ4UM5O0MTFY0Y7.avi,45,780,0,0,0
0XEDQ4UM5O0MTFY0Y7.avi,46,742,0,0,0
0XEDQ4UM5O0MTFY0Y7.avi,47,729,0,0,0
0XEDQ4UM5O0MTFY0Y7.avi,48,778,0,0,0
0XEDQ4UM5O0MTFY0Y7.avi,49,745,0,0,0
0XEDQ4UM5O0MTFY0Y7.avi,50,750,0,0,0
0XEDQ4UM5O0MTFY0Y7.avi,51,742,0,0,0
0XEDQ4UM5O0MTFY0Y7.avi,52,736,0,0,0
0XEDQ4UM5O0MTFY0Y7.avi,53,780,0,0,0
0XEDQ4UM5O0MTFY0Y7.avi,54,786,0,0,0
0XEDQ4UM5O0MTFY0Y7.avi,55,837,0,0,0
0XEDQ4UM5O0MTFY0Y7.avi,56,806,0,0,0
0XEDQ4UM5O0MTFY0Y7.avi,57,784,0,0,0
0XEDQ4UM5O0MTFY0Y7.avi,58,760,0,0,0
0XEDQ4UM5O0MTFY0Y7.avi,59,748,0,0,0
0XEDQ4UM5O0MTFY0Y7.avi,60,746,0,0,0
0XEDQ4UM5O0MTFY0Y7.avi,61,690,0,0,0
0XEDQ4UM5O0MTFY0Y7.avi,62,660,0,0,0
0XEDQ4UM5O0MTFY0Y7.avi,63,618,0,0,0
0XEDQ4UM5O0MTFY0Y7.avi,64,602,0,0,0
0XEDQ4UM5O0MTFY0Y7.avi,65,559,0,0,0
0XEDQ4UM5O0MTFY0Y7.avi,66,547,0,0,0
0XEDQ4UM5O0MTFY0Y7.avi,67,486,0,0,0
0XEDQ4UM5O0MTFY0Y7.avi,68,518,0,0,0
0XEDQ4UM5O0MTFY0Y7.avi,69,471,0,0,0
0XEDQ4UM5O0MTFY0Y7.avi,70,457,0,0,0
0XEDQ4UM5O0MTFY0Y7.avi,71,446,0,0,0
0XEDQ4UM5O0MTFY0Y7.avi,72,427,0,0,1
0XEDQ4UM5O0MTFY0Y7.avi,73,433,0,0,0
0XEDQ4UM5O0MTFY0Y7.avi,74,451,0,0,0
0XEDQ4UM5O0MTFY0Y7.avi,75,443,0,0,0
0XEDQ4UM5O0MTFY0Y7.avi,76,497,0,0,0
0XEDQ4UM5O0MTFY0Y7.avi,77,490,0,0,0
0XEDQ4UM5O0MTFY0Y7.avi,78,527,0,0,0
0XEDQ4UM5O0MTFY0Y7.avi,79,475,0,0,0
0XEDQ4UM5O0MTFY0Y7.avi,80,474,0,0,0
0XEDQ4UM5O0MTFY0Y7.avi,81,492,0,0,0
0XEDQ4UM5O0MTFY0Y7.avi,82,534,0,0,0
0XEDQ4UM5O0MTFY0Y7.avi,83,558,0,0,0
0XEDQ4UM5O0MTFY0Y7.avi,84,602,0,0,0
0XEDQ4UM5O0MTFY0Y7.avi,85,606,0,0,0
0XEDQ4UM5O0MTFY0Y7.avi,86,633,0,0,0
0XEDQ4UM5O0MTFY0Y7.avi,87,625,0,0,0
0XEDQ4UM5O0MTFY0Y7.avi,88,630,0,0,0
0XEDQ4UM5O0MTFY0Y7.avi,89,642,0,0,0
0XEDQ4UM5O0MTFY0Y7.avi,90,610,0,0,0
0XEDQ4UM5O0MTFY0Y7.avi,91,634,0,0,0
0XEDQ4UM5O0MTFY0Y7.avi,92,605,0,0,0
0XEDQ4UM5O0MTFY0Y7.avi,93,630,0,0,0
0XEDQ4UM5O0MTFY0Y7.avi,94,616,0,0,0
0XEDQ4UM5O0MTFY0Y7.avi,95,600,0,0,0
0XEDQ4UM5O0MTFY0Y7.avi,96,596,0,0,0
0XEDQ4UM5O0MTFY0Y7.avi,97,597,0,0,0
0XEDQ4UM5O0MTFY0Y7.avi,98,625,0,0,0
0XEDQ4UM5O0MTFY0Y7.avi,99,616,0,0,0
0XEDQ4UM5O0MTFY0Y7.avi,100,584,0,0,0
0XEDQ4UM5O0MTFY0Y7.avi,101,609,0,0,0
0XEDQ4UM5O0MTFY0Y7.avi,102,648,0,0,0
0XEDQ4UM5O0MTFY0Y7.avi,103,725,0,0,0
0XN1EQ032KS2SIQIRN.avi,0,938,0,0,0
0XN1EQ032KS2SIQIRN.avi,1,919,0,0,0
0XN1EQ032KS2SIQIRN.avi,2,826,0,0,0
0XN1EQ032KS2SIQIRN.avi,3,844,0,0,0
0XN1EQ032KS2SIQIRN.avi,4,776,0,0,0
0XN1EQ032KS2SIQIRN.avi,5,835,0,0,0
0XN1EQ032KS2SIQIRN.avi,6,834,0,0,0
0XN1EQ032KS2SIQIRN.avi,7,745,0,0,0
0XN1EQ032KS2SIQIRN.avi,8,741,0,0,0
0XN1EQ032KS2SIQIRN.avi,9,682,0,0,0
0XN1EQ032KS2SIQIRN.avi,10,585,0,0,0
0XN1EQ032KS2SIQIRN.avi,11,561,0,0,0
0XN1EQ032KS2SIQIRN.avi,12,529,0,0,0
0XN1EQ032KS2SIQIRN.avi,13,524,0,0,0
0XN1EQ032KS2SIQIRN.avi,14,493,0,0,1
0XN1EQ032KS2SIQIRN.avi,15,511,0,0,0
0XN1EQ032KS2SIQIRN.avi,16,517,0,0,0
0XN1EQ032KS2SIQIRN.avi,17,516,0,0,0
0XN1EQ032KS2SIQIRN.avi,18,505,0,0,0
0XN1EQ032KS2SIQIRN.avi,19,552,0,0,0
0XN1EQ032KS2SIQIRN.avi,20,531,0,0,0
0XN1EQ032KS2SIQIRN.avi,21,550,0,0,0
0XN1EQ032KS2SIQIRN.avi,22,576,0,0,0
0XN1EQ032KS2SIQIRN.avi,23,602,0,0,0
0XN1EQ032KS2SIQIRN.avi,24,559,0,0,0
0XN1EQ032KS2SIQIRN.avi,25,534,0,0,0
0XN1EQ032KS2SIQIRN.avi,26,606,0,0,0
0XN1EQ032KS2SIQIRN.avi,27,661,0,0,0
0XN1EQ032KS2SIQIRN.avi,28,535,0,0,0
0XN1EQ032KS2SIQIRN.avi,29,590,0,0,0
0XN1EQ032KS2SIQIRN.avi,30,576,0,0,0
0XN1EQ032KS2SIQIRN.avi,31,690,0,0,0
0XN1EQ032KS2SIQIRN.avi,32,783,0,0,0
0XN1EQ032KS2SIQIRN.avi,33,718,0,0,0
0XN1EQ032KS2SIQIRN.avi,34,728,0,0,0
0XN1EQ032KS2SIQIRN.avi,35,729,0,0,0
0XN1EQ032KS2SIQIRN.avi,36,724,0,0,0
0XN1EQ032KS2SIQIRN.avi,37,746,0,0,0
0XN1EQ032KS2SIQIRN.avi,38,729,0,0,0
0XN1EQ032KS2SIQIRN.avi,39,739,0,0,0
0XN1EQ032KS2SIQIRN.avi,40,750,0,0,0
0XN1EQ032KS2SIQIRN.avi,41,771,0,0,0
0XN1EQ032KS2SIQIRN.avi,42,738,0,0,0
0XN1EQ032KS2SIQIRN.avi,43,753,0,0,0
0XN1EQ032KS2SIQIRN.avi,44,760,0,0,0
0XN1EQ032KS2SIQIRN.avi,45,759,0,0,0
0XN1EQ032KS2SIQIRN.avi,46,717,0,0,0
0XN1EQ032KS2SIQIRN.avi,47,746,0,0,0
0XN1EQ032KS2SIQIRN.avi,48,795,0,0,0
0XN1EQ032KS2SIQIRN.avi,49,827,0,0,0
0XN1EQ032KS2SIQIRN.avi,50,795,0,0,0
0XN1EQ032KS2SIQIRN.avi,51,828,0,0,0
0XN1EQ032KS2SIQIRN.avi,52,847,0,0,0
0XN1EQ032KS2SIQIRN.avi,53,876,0,0,0
0XN1EQ032KS2SIQIRN.avi,54,890,0,0,0
0XN1EQ032KS2SIQIRN.avi,55,916,0,0,0
0XN1EQ032KS2SIQIRN.avi,56,850,0,0,0
0XN1EQ032KS2SIQIRN.avi,57,841,0,0,0
0XN1EQ032KS2SIQIRN.avi,58,832,0,0,0
0XN1EQ032KS2SIQIRN.avi,59,813,0,0,0
0XN1EQ032KS2SIQIRN.avi,60,830,0,0,0
0XN1EQ032KS2SIQIRN.avi,61,782,0,0,0
0XN1EQ032KS2SIQIRN.avi,62,746,0,0,0
0XN1EQ032KS2SIQIRN.avi,63,789,0,0,0
0XN1EQ032KS2SIQIRN.avi,64,798,0,0,0
0XN1EQ032KS2SIQIRN.avi,65,729,0,0,0
0XN1EQ032KS2SIQIRN.avi,66,754,0,0,0
0XN1EQ032KS2SIQIRN.avi,67,768,0,0,0
0XN1EQ032KS2SIQIRN.avi,68,746,0,0,0
0XN1EQ032KS2SIQIRN.avi,69,788,0,0,0
0XN1EQ032KS2SIQIRN.avi,70,765,0,0,0
0XN1EQ032KS2SIQIRN.avi,71,770,0,0,0
0XN1EQ032KS2SIQIRN.avi,72,722,0,0,0
0XN1EQ032KS2SIQIRN.avi,73,739,0,0,0
0XN1EQ032KS2SIQIRN.avi,74,714,0,0,0
0XN1EQ032KS2SIQIRN.avi,75,712,0,0,1
0XN1EQ032KS2SIQIRN.avi,76,728,0,0,0
0XN1EQ032KS2SIQIRN.avi,77,716,0,0,0
0XN1EQ032KS2SIQIRN.avi,78,740,0,0,0
0XN1EQ032KS2SIQIRN.avi,79,773,0,0,0
0XN1EQ032KS2SIQIRN.avi,80,759,0,0,0
0XN1EQ032KS2SIQIRN.avi,81,761,0,0,0
0XN1EQ032KS2SIQIRN.avi,82,786,0,0,0
0XN1EQ032KS2SIQIRN.avi,83,750,0,0,0
0XN1EQ032KS2SIQIRN.avi,84,730,0,0,0
0XN1EQ032KS2SIQIRN.avi,85,724,0,0,0
0XN1EQ032KS2SIQIRN.avi,86,780,0,0,0
0XN1EQ032KS2SIQIRN.avi,87,768,0,0,0
0XN1EQ032KS2SIQIRN.avi,88,766,0,0,0
0XN1EQ032KS2SIQIRN.avi,89,780,0,0,0
0XN1EQ032KS2SIQIRN.avi,90,770,0,0,0
0XN1EQ032KS2SIQIRN.avi,91,790,0,0,0
0XN1EQ032KS2SIQIRN.avi,92,787,0,0,0
0XN1EQ032KS2SIQIRN.avi,93,806,0,0,0
0XN1EQ032KS2SIQIRN.avi,94,789,0,0,0
0XN1EQ032KS2SIQIRN.avi,95,800,0,0,0
0XN1EQ032KS2SIQIRN.avi,96,794,0,0,0
0XN1EQ032KS2SIQIRN.avi,97,787,0,0,0
0XN1EQ032KS2SIQIRN.avi,98,777,0,0,0
0XN1EQ032KS2SIQIRN.avi,99,823,0,0,0
0XN1EQ032KS2SIQIRN.avi,100,875,0,0,0
0XN1EQ032KS2SIQIRN.avi,101,814,0,0,0
0XN1EQ032KS2SIQIRN.avi,102,794,0,0,0
0XN1EQ032KS2SIQIRN.avi,103,807,0,0,0
0XN1EQ032KS2SIQIRN.avi,104,841,0,0,0
0XN1EQ032KS2SIQIRN.avi,105,879,0,0,0
0XIWXIEVRIE6ZQQ9EL.avi,0,457,0,0,0
0XIWXIEVRIE6ZQQ9EL.avi,1,76,0,0,1
0XIWXIEVRIE6ZQQ9EL.avi,2,96,0,0,0
0XIWXIEVRIE6ZQQ9EL.avi,3,295,0,0,0
0XIWXIEVRIE6ZQQ9EL.avi,4,549,0,0,0
0XIWXIEVRIE6ZQQ9EL.avi,5,695,0,0,0
0XIWXIEVRIE6ZQQ9EL.avi,6,666,0,0,0
0XIWXIEVRIE6ZQQ9EL.avi,7,814,0,0,0
0XIWXIEVRIE6ZQQ9EL.avi,8,751,0,0,0
0XIWXIEVRIE6ZQQ9EL.avi,9,622,0,0,0
0XIWXIEVRIE6ZQQ9EL.avi,10,737,0,0,0
0XIWXIEVRIE6ZQQ9EL.avi,11,678,0,0,0
0XIWXIEVRIE6ZQQ9EL.avi,12,721,0,0,0
0XIWXIEVRIE6ZQQ9EL.avi,13,558,0,0,0
0XIWXIEVRIE6ZQQ9EL.avi,14,564,0,0,0
0XIWXIEVRIE6ZQQ9EL.avi,15,537,0,0,0
0XIWXIEVRIE6ZQQ9EL.avi,16,564,0,0,0
0XIWXIEVRIE6ZQQ9EL.avi,17,579,0,0,0
0XIWXIEVRIE6ZQQ9EL.avi,18,560,0,0,0
0XIWXIEVRIE6ZQQ9EL.avi,19,515,0,0,0
0XIWXIEVRIE6ZQQ9EL.avi,20,749,0,0,0
0XIWXIEVRIE6ZQQ9EL.avi,21,545,0,0,0
0XIWXIEVRIE6ZQQ9EL.avi,22,658,0,0,0
0XIWXIEVRIE6ZQQ9EL.avi,23,919,0,0,0
0XIWXIEVRIE6ZQQ9EL.avi,24,944,0,0,0
0XIWXIEVRIE6ZQQ9EL.avi,25,891,0,0,0
0XIWXIEVRIE6ZQQ9EL.avi,26,521,0,0,0
0XIWXIEVRIE6ZQQ9EL.avi,27,524,0,0,0
0XIWXIEVRIE6ZQQ9EL.avi,28,541,0,0,0
0XIWXIEVRIE6ZQQ9EL.avi,29,516,0,0,0
0XIWXIEVRIE6ZQQ9EL.avi,30,532,0,0,0
0XIWXIEVRIE6ZQQ9EL.avi,31,522,0,0,0
0XIWXIEVRIE6ZQQ9EL.avi,32,524,0,0,0
0XIWXIEVRIE6ZQQ9EL.avi,33,568,0,0,0
0XIWXIEVRIE6ZQQ9EL.avi,34,563,0,0,0
0XIWXIEVRIE6ZQQ9EL.avi,35,487,0,0,0
0XIWXIEVRIE6ZQQ9EL.avi,36,515,0,0,0
0XIWXIEVRIE6ZQQ9EL.avi,37,564,0,0,0
0XIWXIEVRIE6ZQQ9EL.avi,38,589,0,0,0
0XIWXIEVRIE6ZQQ9EL.avi,39,557,0,0,0
0XIWXIEVRIE6ZQQ9EL.avi,40,618,0,0,0
0XIWXIEVRIE6ZQQ9EL.avi,41,598,0,0,0
0XIWXIEVRIE6ZQQ9EL.avi,42,661,0,0,0
0XIWXIEVRIE6ZQQ9EL.avi,43,672,0,0,0
0XIWXIEVRIE6ZQQ9EL.avi,44,623,0,0,0
0XIWXIEVRIE6ZQQ9EL.avi,45,679,0,0,0
0XIWXIEVRIE6ZQQ9EL.avi,46,554,0,0,0
0XIWXIEVRIE6ZQQ9EL.avi,47,535,0,0,0
0XIWXIEVRIE6ZQQ9EL.avi,48,579,0,0,0
0XIWXIEVRIE6ZQQ9EL.avi,49,740,0,0,0
0XIWXIEVRIE6ZQQ9EL.avi,50,717,0,0,0
0XIWXIEVRIE6ZQQ9EL.avi,51,608,0,0,0
0XIWXIEVRIE6ZQQ9EL.avi,52,660,0,0,0
0XIWXIEVRIE6ZQQ9EL.avi,53,638,0,0,0
0XIWXIEVRIE6ZQQ9EL.avi,54,639,0,0,0
0XIWXIEVRIE6ZQQ9EL.avi,55,598,0,0,0
0XIWXIEVRIE6ZQQ9EL.avi,56,614,0,0,0
0XIWXIEVRIE6ZQQ9EL.avi,57,669,0,0,0
0XIWXIEVRIE6ZQQ9EL.avi,58,551,0,0,0
0XIWXIEVRIE6ZQQ9EL.avi,59,584,0,0,0
0XIWXIEVRIE6ZQQ9EL.avi,60,536,0,0,0
0XIWXIEVRIE6ZQQ9EL.avi,61,376,0,0,1
0XIWXIEVRIE6ZQQ9EL.avi,62,487,0,0,0
0XIWXIEVRIE6ZQQ9EL.avi,63,486,0,0,0
0XIWXIEVRIE6ZQQ9EL.avi,64,592,0,0,0
0XIWXIEVRIE6ZQQ9EL.avi,65,517,0,0,0
0XIWXIEVRIE6ZQQ9EL.avi,66,430,0,0,0
0XIWXIEVRIE6ZQQ9EL.avi,67,512,0,0,0
0XIWXIEVRIE6ZQQ9EL.avi,68,510,0,0,0
0XIWXIEVRIE6ZQQ9EL.avi,69,605,0,0,0
0XIWXIEVRIE6ZQQ9EL.avi,70,578,0,0,0
0XIWXIEVRIE6ZQQ9EL.avi,71,552,0,0,0
0XIWXIEVRIE6ZQQ9EL.avi,72,642,0,0,0
0XIWXIEVRIE6ZQQ9EL.avi,73,622,0,0,0
0XIWXIEVRIE6ZQQ9EL.avi,74,558,0,0,0
0XIWXIEVRIE6ZQQ9EL.avi,75,819,0,0,0
0XIWXIEVRIE6ZQQ9EL.avi,76,798,0,0,0
0XIWXIEVRIE6ZQQ9EL.avi,77,675,0,0,0
0XIWXIEVRIE6ZQQ9EL.avi,78,658,0,0,0
0XIWXIEVRIE6ZQQ9EL.avi,79,655,0,0,0
0XIWXIEVRIE6ZQQ9EL.avi,80,644,0,0,0
0XIWXIEVRIE6ZQQ9EL.avi,81,619,0,0,0
0XIWXIEVRIE6ZQQ9EL.avi,82,751,0,0,0
0XIWXIEVRIE6ZQQ9EL.avi,83,754,0,0,0
0XIWXIEVRIE6ZQQ9EL.avi,84,749,0,0,0
0XIWXIEVRIE6ZQQ9EL.avi,85,849,0,0,0
0XIWXIEVRIE6ZQQ9EL.avi,86,760,0,0,0
0XIWXIEVRIE6ZQQ9EL.avi,87,925,0,0,0
0XIWXIEVRIE6ZQQ9EL.avi,88,829,0,0,0
0XIWXIEVRIE6ZQQ9EL.avi,89,780,0,0,0
0XIWXIEVRIE6ZQQ9EL.avi,90,750,0,0,0
0XIWXIEVRIE6ZQQ9EL.avi,91,748,0,0,0
0XIWXIEVRIE6ZQQ9EL.avi,92,681,0,0,0
0XIWXIEVRIE6ZQQ9EL.avi,93,685,0,0,0
0XIWXIEVRIE6ZQQ9EL.avi,94,927,0,0,0
0XIWXIEVRIE6ZQQ9EL.avi,95,1026,0,0,0
0XIWXIEVRIE6ZQQ9EL.avi,96,962,0,0,0
0XIWXIEVRIE6ZQQ9EL.avi,97,991,0,0,0
0XIWXIEVRIE6ZQQ9EL.avi,98,865,0,0,0
0X33IYOK1HW1NHKR6H.avi,0,1086,0,0,0
0X33IYOK1HW1NHKR6H.avi,1,1102,0,0,0
0X33IYOK1HW1NHKR6H.avi,2,1072,0,0,0
0X33IYOK1HW1NHKR6H.avi,3,1067,0,0,0
0X33IYOK1HW1NHKR6H.avi,4,1061,0,0,0
0X33IYOK1HW1NHKR6H.avi,5,1084,0,0,0
0X33IYOK1HW1NHKR6H.avi,6,1130,0,0,0
0X33IYOK1HW1NHKR6H.avi,7,1016,0,0,0
0X33IYOK1HW1NHKR6H.avi,8,943,0,0,0
0X33IYOK1HW1NHKR6H.avi,9,908,0,0,0
0X33IYOK1HW1NHKR6H.avi,10,861,0,0,0
0X33IYOK1HW1NHKR6H.avi,11,900,0,0,0
0X33IYOK1HW1NHKR6H.avi,12,790,0,0,0
0X33IYOK1HW1NHKR6H.avi,13,843,0,0,0
0X33IYOK1HW1NHKR6H.avi,14,844,0,0,0
0X33IYOK1HW1NHKR6H.avi,15,836,0,0,0
0X33IYOK1HW1NHKR6H.avi,16,842,0,0,0
0X33IYOK1HW1NHKR6H.avi,17,842,0,0,0
0X33IYOK1HW1NHKR6H.avi,18,775,0,0,0
0X33IYOK1HW1NHKR6H.avi,19,882,0,0,0
0X33IYOK1HW1NHKR6H.avi,20,824,0,0,0
0X33IYOK1HW1NHKR6H.avi,21,869,0,0,0
0X33IYOK1HW1NHKR6H.avi,22,851,0,0,0
0X33IYOK1HW1NHKR6H.avi,23,774,0,0,0
0X33IYOK1HW1NHKR6H.avi,24,710,0,0,0
0X33IYOK1HW1NHKR6H.avi,25,663,0,0,1
0X33IYOK1HW1NHKR6H.avi,26,702,0,0,0
0X33IYOK1HW1NHKR6H.avi,27,767,0,0,0
0X33IYOK1HW1NHKR6H.avi,28,761,0,0,0
0X33IYOK1HW1NHKR6H.avi,29,795,0,0,0
0X33IYOK1HW1NHKR6H.avi,30,798,0,0,0
0X33IYOK1HW1NHKR6H.avi,31,757,0,0,0
0X33IYOK1HW1NHKR6H.avi,32,777,0,0,0
0X33IYOK1HW1NHKR6H.avi,33,815,0,0,0
0X33IYOK1HW1NHKR6H.avi,34,816,0,0,0
0X33IYOK1HW1NHKR6H.avi,35,853,0,0,0
0X33IYOK1HW1NHKR6H.avi,36,867,0,0,0
0X33IYOK1HW1NHKR6H.avi,37,841,0,0,0
0X33IYOK1HW1NHKR6H.avi,38,857,0,0,0
0X33IYOK1HW1NHKR6H.avi,39,877,0,0,0
0X33IYOK1HW1NHKR6H.avi,40,910,0,0,0
0X33IYOK1HW1NHKR6H.avi,41,912,0,0,0
0X33IYOK1HW1NHKR6H.avi,42,884,0,0,0
0X33IYOK1HW1NHKR6H.avi,43,868,0,0,0
0X33IYOK1HW1NHKR6H.avi,44,920,0,0,0
0X33IYOK1HW1NHKR6H.avi,45,944,0,0,0
0X33IYOK1HW1NHKR6H.avi,46,930,0,0,0
0X33IYOK1HW1NHKR6H.avi,47,906,0,0,0
0X33IYOK1HW1NHKR6H.avi,48,1051,0,0,0
0X33IYOK1HW1NHKR6H.avi,49,1063,0,0,0
0X33IYOK1HW1NHKR6H.avi,50,1121,0,0,0
0X33IYOK1HW1NHKR6H.avi,51,1148,0,0,0
0X33IYOK1HW1NHKR6H.avi,52,1089,0,0,0
0X33IYOK1HW1NHKR6H.avi,53,1086,0,0,0
0X33IYOK1HW1NHKR6H.avi,54,1107,0,0,0
0X33IYOK1HW1NHKR6H.avi,55,1052,0,0,0
0X33IYOK1HW1NHKR6H.avi,56,1096,0,0,0
0X33IYOK1HW1NHKR6H.avi,57,978,0,0,0
0X33IYOK1HW1NHKR6H.avi,58,956,0,0,0
0X33IYOK1HW1NHKR6H.avi,59,959,0,0,0
0X33IYOK1HW1NHKR6H.avi,60,986,0,0,0
0X33IYOK1HW1NHKR6H.avi,61,900,0,0,0
0X33IYOK1HW1NHKR6H.avi,62,857,0,0,0
0X33IYOK1HW1NHKR6H.avi,63,728,0,0,0
0X33IYOK1HW1NHKR6H.avi,64,732,0,0,0
0X33IYOK1HW1NHKR6H.avi,65,733,0,0,0
0X33IYOK1HW1NHKR6H.avi,66,737,0,0,0
0X33IYOK1HW1NHKR6H.avi,67,746,0,0,0
0X33IYOK1HW1NHKR6H.avi,68,746,0,0,0
0X33IYOK1HW1NHKR6H.avi,69,713,0,0,0
0X33IYOK1HW1NHKR6H.avi,70,761,0,0,0
0X33IYOK1HW1NHKR6H.avi,71,760,0,0,0
0X33IYOK1HW1NHKR6H.avi,72,780,0,0,0
0X33IYOK1HW1NHKR6H.avi,73,741,0,0,0
0X33IYOK1HW1NHKR6H.avi,74,740,0,0,0
0X33IYOK1HW1NHKR6H.avi,75,686,0,0,0
0X33IYOK1HW1NHKR6H.avi,76,645,0,0,0
0X33IYOK1HW1NHKR6H.avi,77,638,0,0,0
0X33IYOK1HW1NHKR6H.avi,78,681,0,0,0
0X33IYOK1HW1NHKR6H.avi,79,623,0,0,0
0X33IYOK1HW1NHKR6H.avi,80,577,0,0,0
0X33IYOK1HW1NHKR6H.avi,81,595,0,0,0
0X33IYOK1HW1NHKR6H.avi,82,648,0,0,0
0X33IYOK1HW1NHKR6H.avi,83,684,0,0,0
0X33IYOK1HW1NHKR6H.avi,84,706,0,0,0
0X33IYOK1HW1NHKR6H.avi,85,725,0,0,0
0X33IYOK1HW1NHKR6H.avi,86,771,0,0,0
0X33IYOK1HW1NHKR6H.avi,87,769,0,0,0
0X33IYOK1HW1NHKR6H.avi,88,739,0,0,0
0X33IYOK1HW1NHKR6H.avi,89,738,0,0,0
0X33IYOK1HW1NHKR6H.avi,90,691,0,0,0
0X33IYOK1HW1NHKR6H.avi,91,705,0,0,0
0X33IYOK1HW1NHKR6H.avi,92,704,0,0,0
0X33IYOK1HW1NHKR6H.avi,93,627,0,0,0
0X33IYOK1HW1NHKR6H.avi,94,542,0,0,0
0X33IYOK1HW1NHKR6H.avi,95,579,0,0,0
0X5PSA0SCOAK42793K.avi,0,353,0,0,0
0X5PSA0SCOAK42793K.avi,1,520,0,0,0
0X5PSA0SCOAK42793K.avi,2,483,0,0,0
0X5PSA0SCOAK42793K.avi,3,544,0,0,0
0X5PSA0SCOAK42793K.avi,4,298,0,0,1
0X5PSA0SCOAK42793K.avi,5,351,0,0,0
0X5PSA0SCOAK42793K.avi,6,407,0,0,0
0X5PSA0SCOAK42793K.avi,7,483,0,0,0
0X5PSA0SCOAK42793K.avi,8,473,0,0,0
0X5PSA0SCOAK42793K.avi,9,586,0,0,0
0X5PSA0SCOAK42793K.avi,10,482,0,0,0
0X5PSA0SCOAK42793K.avi,11,488,0,0,0
0X5PSA0SCOAK42793K.avi,12,450,0,0,0
0X5PSA0SCOAK42793K.avi,13,694,0,0,0
0X5PSA0SCOAK42793K.avi,14,712,0,0,0
0X5PSA0SCOAK42793K.avi,15,608,0,0,0
0X5PSA0SCOAK42793K.avi,16,873,0,0,0
0X5PSA0SCOAK42793K.avi,17,789,0,0,0
0X5PSA0SCOAK42793K.avi,18,902,0,0,0
0X5PSA0SCOAK42793K.avi,19,815,0,0,0
0X5PSA0SCOAK42793K.avi,20,648,0,0,0
0X5PSA0SCOAK42793K.avi,21,606,0,0,0
0X5PSA0SCOAK42793K.avi,22,696,0,0,0
0X5PSA0SCOAK42793K.avi,23,666,0,0,0
0X5PSA0SCOAK42793K.avi,24,674,0,0,0
0X5PSA0SCOAK42793K.avi,25,817,0,0,0
0X5PSA0SCOAK42793K.avi,26,758,0,0,0
0X5PSA0SCOAK42793K.avi,27,594,0,0,0
0X5PSA0SCOAK42793K.avi,28,331,0,0,0
0X5PSA0SCOAK42793K.avi,29,338,0,0,0
0X5PSA0SCOAK42793K.avi,30,304,0,0,1
0X5PSA0SCOAK42793K.avi,31,383,0,0,0
0X5PSA0SCOAK42793K.avi,32,404,0,0,0
0X5PSA0SCOAK42793K.avi,33,448,0,0,0
0X5PSA0SCOAK42793K.avi,34,449,0,0,0
0X5PSA0SCOAK42793K.avi,35,446,0,0,0
0X5PSA0SCOAK42793K.avi,36,422,0,0,0
0X5PSA0SCOAK42793K.avi,37,430,0,0,0
0X5PSA0SCOAK42793K.avi,38,473,0,0,0
0X5PSA0SCOAK42793K.avi,39,445,0,0,0
0X5PSA0SCOAK42793K.avi,40,452,0,0,0
0X5PSA0SCOAK42793K.avi,41,531,0,0,0
0X5PSA0SCOAK42793K.avi,42,592,0,0,0
0X5PSA0SCOAK42793K.avi,43,385,0,0,0
0X5PSA0SCOAK42793K.avi,44,498,0,0,0
0X5PSA0SCOAK42793K.avi,45,413,0,0,0
0X5PSA0SCOAK42793K.avi,46,660,0,0,0
0X5PSA0SCOAK42793K.avi,47,438,0,0,0
0X5PSA0SCOAK42793K.avi,48,312,0,0,0
0X5PSA0SCOAK42793K.avi,49,209,0,0,0
0X5PSA0SCOAK42793K.avi,50,191,0,0,0
0X5PSA0SCOAK42793K.avi,51,213,0,0,0
0X5PSA0SCOAK42793K.avi,52,396,0,0,0
0X5PSA0SCOAK42793K.avi,53,293,0,0,0
0X5PSA0SCOAK42793K.avi,54,357,0,0,0
0X5PSA0SCOAK42793K.avi,55,220,0,0,0
0X5PSA0SCOAK42793K.avi,56,192,0,0,0
0X5PSA0SCOAK42793K.avi,57,260,0,0,0
0X5PSA0SCOAK42793K.avi,58,279,0,0,0
0X5PSA0SCOAK42793K.avi,59,217,0,0,0
0X5PSA0SCOAK42793K.avi,60,247,0,0,0
0X5PSA0SCOAK42793K.avi,61,243,0,0,0
0X5PSA0SCOAK42793K.avi,62,211,0,0,0
0X5PSA0SCOAK42793K.avi,63,327,0,0,0
0X5PSA0SCOAK42793K.avi,64,308,0,0,0
0X5PSA0SCOAK42793K.avi,65,330,0,0,0
0X5PSA0SCOAK42793K.avi,66,337,0,0,0
0X5PSA0SCOAK42793K.avi,67,249,0,0,0
0X5PSA0SCOAK42793K.avi,68,153,0,0,0
0X5PSA0SCOAK42793K.avi,69,211,0,0,0
0X5PSA0SCOAK42793K.avi,70,257,0,0,0
0X5PSA0SCOAK42793K.avi,71,185,0,0,0
0X5PSA0SCOAK42793K.avi,72,300,0,0,0
0X5PSA0SCOAK42793K.avi,73,118,0,0,1
0X5PSA0SCOAK42793K.avi,74,292,0,0,0
0X5PSA0SCOAK42793K.avi,75,471,0,0,0
0X5PSA0SCOAK42793K.avi,76,319,0,0,0
0X5PSA0SCOAK42793K.avi,77,158,0,0,0
0X5PSA0SCOAK42793K.avi,78,141,0,0,0
0X5PSA0SCOAK42793K.avi,79,399,0,0,0
0X5PSA0SCOAK42793K.avi,80,355,0,0,0
0X5PSA0SCOAK42793K.avi,81,324,0,0,0
0X5PSA0SCOAK42793K.avi,82,392,0,0,0
0XKYKG0IQVF2FS924M.avi,0,702,0,0,0
0XKYKG0IQVF2FS924M.avi,1,703,0,0,0
0XKYKG0IQVF2FS924M.avi,2,929,0,0,0
0XKYKG0IQVF2FS924M.avi,3,1014,0,0,0
0XKYKG0IQVF2FS924M.avi,4,910,0,0,0
0XKYKG0IQVF2FS924M.avi,5,900,0,0,0
0XKYKG0IQVF2FS924M.avi,6,887,0,0,0
0XKYKG0IQVF2FS924M.avi,7,957,0,0,0
0XKYKG0IQVF2FS924M.avi,8,938,0,0,0
0XKYKG0IQVF2FS924M.avi,9,824,0,0,0
0XKYKG0IQVF2FS924M.avi,10,892,0,0,0
0XKYKG0IQVF2FS924M.avi,11,746,0,0,0
0XKYKG0IQVF2FS924M.avi,12,725,0,0,0
0XKYKG0IQVF2FS924M.avi,13,575,0,0,0
0XKYKG0IQVF2FS924M.avi,14,573,0,0,0
0XKYKG0IQVF2FS924M.avi,15,403,0,0,0
0XKYKG0IQVF2FS924M.avi,16,476,0,0,0
0XKYKG0IQVF2FS924M.avi,17,571,0,0,0
0XKYKG0IQVF2FS924M.avi,18,536,0,0,0
0XKYKG0IQVF2FS924M.avi,19,631,0,0,0
0XKYKG0IQVF2FS924M.avi,20,655,0,0,0
0XKYKG0IQVF2FS924M.avi,21,542,0,0,0
0XKYKG0IQVF2FS924M.avi,22,478,0,0,0
0XKYKG0IQVF2FS924M.avi,23,564,0,0,0
0XKYKG0IQVF2FS924M.avi,24,521,0,0,0
0XKYKG0IQVF2FS924M.avi,25,185,0,0,0
0XKYKG0IQVF2FS924M.avi,26,271,0,0,0
0XKYKG0IQVF2FS924M.avi,27,248,0,0,0
0XKYKG0IQVF2FS924M.avi,28,155,0,0,1
0XKYKG0IQVF2FS924M.avi,29,397,0,0,0
0XKYKG0IQVF2FS924M.avi,30,332,0,0,0
0XKYKG0IQVF2FS924M.avi,31,265,0,0,0
0XKYKG0IQVF2FS924M.avi,32,189,0,0,0
0XKYKG0IQVF2FS924M.avi,33,484,0,0,0
0XKYKG0IQVF2FS924M.avi,34,360,0,0,0
0XKYKG0IQVF2FS924M.avi,35,173,0,0,0
0XKYKG0IQVF2FS924M.avi,36,155,0,0,0
0XKYKG0IQVF2FS924M.avi,37,282,0,0,0
0XKYKG0IQVF2FS924M.avi,38,318,0,0,0
0XKYKG0IQVF2FS924M.avi,39,493,0,0,0
0XKYKG0IQVF2FS924M.avi,40,661,0,0,0
0XKYKG0IQVF2FS924M.avi,41,455,0,0,0
0XKYKG0IQVF2FS924M.avi,42,685,0,0,0
0XKYKG0IQVF2FS924M.avi,43,668,0,0,0
0XKYKG0IQVF2FS924M.avi,44,685,0,0,0
0XKYKG0IQVF2FS924M.avi,45,775,0,0,0
0XKYKG0IQVF2FS924M.avi,46,828,0,0,0
0XKYKG0IQVF2FS924M.avi,47,577,0,0,0
0XKYKG0IQVF2FS924M.avi,48,806,0,0,0
0XKYKG0IQVF2FS924M.avi,49,776,0,0,0
0XKYKG0IQVF2FS924M.avi,50,790,0,0,0
0XKYKG0IQVF2FS924M.avi,51,740,0,0,0
0XKYKG0IQVF2FS924M.avi,52,790,0,0,0
0XKYKG0IQVF2FS924M.avi,53,703,0,0,0
0XKYKG0IQVF2FS924M.avi,54,688,0,0,0
0XKYKG0IQVF2FS924M.avi,55,511,0,0,0
0XKYKG0IQVF2FS924M.avi,56,758,0,0,0
0XKYKG0IQVF2FS924M.avi,57,734,0,0,0
0XKYKG0IQVF2FS924M.avi,58,607,0,0,0
0XKYKG0IQVF2FS924M.avi,59,532,0,0,0
0XKYKG0IQVF2FS924M.avi,60,393,0,0,1
0XKYKG0IQVF2FS924M.avi,61,485,0,0,0
0XKYKG0IQVF2FS924M.avi,62,607,0,0,0
0XKYKG0IQVF2FS924M.avi,63,641,0,0,0
0XKYKG0IQVF2FS924M.avi,64,753,0,0,0
0XKYKG0IQVF2FS924M.avi,65,709,0,0,0
0XKYKG0IQVF2FS924M.avi,66,621,0,0,0
0XKYKG0IQVF2FS924M.avi,67,583,0,0,0
0XKYKG0IQVF2FS924M.avi,68,694,0,0,0
0XKYKG0IQVF2FS924M.avi,69,631,0,0,0
0XKYKG0IQVF2FS924M.avi,70,558,0,0,0
0XKYKG0IQVF2FS924M.avi,71,473,0,0,0
0XKYKG0IQVF2FS924M.avi,72,619,0,0,0
0XKYKG0IQVF2FS924M.avi,73,915,0,0,0
0XKYKG0IQVF2FS924M.avi,74,673,0,0,0
0XKYKG0IQVF2FS924M.avi,75,592,0,0,0
0XKYKG0IQVF2FS924M.avi,76,534,0,0,0
0XKYKG0IQVF2FS924M.avi,77,709,0,0,0
0XKYKG0IQVF2FS924M.avi,78,591,0,0,0
0XKYKG0IQVF2FS924M.avi,79,761,0,0,0
0XKYKG0IQVF2FS924M.avi,80,987,0,0,0
0XKYKG0IQVF2FS924M.avi,81,962,0,0,0
0XKYKG0IQVF2FS924M.avi,82,897,0,0,0
0XKYKG0IQVF2FS924M.avi,83,1009,0,0,0
0XKYKG0IQVF2FS924M.avi,84,781,0,0,0
0XKYKG0IQVF2FS924M.avi,85,846,0,0,0
0XB2QZ88QNYN0E8FO0.avi,0,1145,0,0,0
0XB2QZ88QNYN0E8FO0.avi,1,1134,0,0,0
0XB2QZ88QNYN0E8FO0.avi,2,1023,0,0,0
0XB2QZ88QNYN0E8FO0.avi,3,983,0,0,0
0XB2QZ88QNYN0E8FO0.avi,4,992,0,0,0
0XB2QZ88QNYN0E8FO0.avi,5,954,0,0,0
0XB2QZ88QNYN0E8FO0.avi,6,983,0,0,0
0XB2QZ88QNYN0E8FO0.avi,7,952,0,0,0
0XB2QZ88QNYN0E8FO0.avi,8,810,0,0,0
0XB2QZ88QNYN0E8FO0.avi,9,761,0,0,0
0XB2QZ88QNYN0E8FO0.avi,10,864,0,0,0
0XB2QZ88QNYN0E8FO0.avi,11,859,0,0,0
0XB2QZ88QNYN0E8FO0.avi,12,863,0,0,0
0XB2QZ88QNYN0E8FO0.avi,13,888,0,0,0
0XB2QZ88QNYN0E8FO0.avi,14,867,0,0,0
0XB2QZ88QNYN0E8FO0.avi,15,755,0,0,1
0XB2QZ88QNYN0E8FO0.avi,16,771,0,0,0
0XB2QZ88QNYN0E8FO0.avi,17,795,0,0,0
0XB2QZ88QNYN0E8FO0.avi,18,846,0,0,0
0XB2QZ88QNYN0E8FO0.avi,19,818,0,0,0
0XB2QZ88QNYN0E8FO0.avi,20,803,0,0,0
0XB2QZ88QNYN0E8FO0.avi,21,827,0,0,0
0XB2QZ88QNYN0E8FO0.avi,22,904,0,0,0
0XB2QZ88QNYN0E8FO0.avi,23,874,0,0,0
0XB2QZ88QNYN0E8FO0.avi,24,955,0,0,0
0XB2QZ88QNYN0E8FO0.avi,25,1004,0,0,0
0XB2QZ88QNYN0E8FO0.avi,26,1002,0,0,0
0XB2QZ88QNYN0E8FO0.avi,27,964,0,0,0
0XB2QZ88QNYN0E8FO0.avi,28,942,0,0,0
0XB2QZ88QNYN0E8FO0.avi,29,962,0,0,0
0XB2QZ88QNYN0E8FO0.avi,30,1011,0,0,0
0XB2QZ88QNYN0E8FO0.avi,31,966,0,0,0
0XB2QZ88QNYN0E8FO0.avi,32,1007,0,0,0
0XB2QZ88QNYN0E8FO0.avi,33,990,0,0,0
0XB2QZ88QNYN0E8FO0.avi,34,1065,0,0,0
0XB2QZ88QNYN0E8FO0.avi,35,1048,0,0,0
0XB2QZ88QNYN0E8FO0.avi,36,1017,0,0,0
0XB2QZ88QNYN0E8FO0.avi,37,1009,0,0,0
0XB2QZ88QNYN0E8FO0.avi,38,1006,0,0,0
0XB2QZ88QNYN0E8FO0.avi,39,941,0,0,0
0XB2QZ88QNYN0E8FO0.avi,40,1084,0,0,0
0XB2QZ88QNYN0E8FO0.avi,41,1003,0,0,0
0XB2QZ88QNYN0E8FO0.avi,42,1041,0,0,0
0XB2QZ88QNYN0E8FO0.avi,43,892,0,0,0
0XB2QZ88QNYN0E8FO0.avi,44,984,0,0,0
0XB2QZ88QNYN0E8FO0.avi,45,906,0,0,0
0XB2QZ88QNYN0E8FO0.avi,46,826,0,0,0
0XB2QZ88QNYN0E8FO0.avi,47,807,0,0,0
0XB2QZ88QNYN0E8FO0.avi,48,798,0,0,0
0XB2QZ88QNYN0E8FO0.avi,49,750,0,0,0
0XB2QZ88QNYN0E8FO0.avi,50,716,0,0,0
0XB2QZ88QNYN0E8FO0.avi,51,675,0,0,1
0XB2QZ88QNYN0E8FO0.avi,52,708,0,0,0
0XB2QZ88QNYN0E8FO0.avi,53,736,0,0,0
0XB2QZ88QNYN0E8FO0.avi,54,759,0,0,0
0XB2QZ88QNYN0E8FO0.avi,55,815,0,0,0
0XB2QZ88QNYN0E8FO0.avi,56,847,0,0,0
0XB2QZ88QNYN0E8FO0.avi,57,841,0,0,0
0XB2QZ88QNYN0E8FO0.avi,58,932,0,0,0
0XB2QZ88QNYN0E8FO0.avi,59,959,0,0,0
0XB2QZ88QNYN0E8FO0.avi,60,938,0,0,0
0XB2QZ88QNYN0E8FO0.avi,61,971,0,0,0
0XB2QZ88QNYN0E8FO0.avi,62,996,0,0,0
0XB2QZ88QNYN0E8FO0.avi,63,1017,0,0,0
0XB2QZ88QNYN0E8FO0.avi,64,966,0,0,0
0XB2QZ88QNYN0E8FO0.avi,65,960,0,0,0
0XB2QZ88QNYN0E8FO0.avi,66,925,0,0,0
0XB2QZ88QNYN0E8FO0.avi,67,935,0,0,0
0XB2QZ88QNYN0E8FO0.avi,68,1010,0,0,0
0XB2QZ88QNYN0E8FO0.avi,69,1030,0,0,0
0XB2QZ88QNYN0E8FO0.avi,70,1009,0,0,0
0XB1FFS09V3MJDUQGR.avi,0,670,0,0,0
0XB1FFS09V3MJDUQGR.avi,1,645,0,0,0
0XB1FFS09V3MJDUQGR.avi,2,791,0,0,0
0XB1FFS09V3MJDUQGR.avi,3,737,0,0,0
0XB1FFS09V3MJDUQGR.avi,4,559,0,0,0
0XB1FFS09V3MJDUQGR.avi,5,620,0,0,0
0XB1FFS09V3MJDUQGR.avi,6,475,0,0,0
0XB1FFS09V3MJDUQGR.avi,7,479,0,0,0
0XB1FFS09V3MJDUQGR.avi,8,435,0,0,1
0XB1FFS09V3MJDUQGR.avi,9,598,0,0,0
0XB1FFS09V3MJDUQGR.avi,10,656,0,0,0
0XB1FFS09V3MJDUQGR.avi,11,718,0,0,0
0XB1FFS09V3MJDUQGR.avi,12,719,0,0,0
0XB1FFS09V3MJDUQGR.avi,13,724,0,0,0
0XB1FFS09V3MJDUQGR.avi,14,649,0,0,0
0XB1FFS09V3MJDUQGR.avi,15,709,0,0,0
0XB1FFS09V3MJDUQGR.avi,16,701,0,0,0
0XB1FFS09V3MJDUQGR.avi,17,650,0,0,0
0XB1FFS09V3MJDUQGR.avi,18,648,0,0,0
0XB1FFS09V3MJDUQGR.avi,19,640,0,0,0
0XB1FFS09V3MJDUQGR.avi,20,672,0,0,0
0XB1FFS09V3MJDUQGR.avi,21,659,0,0,0
0XB1FFS09V3MJDUQGR.avi,22,675,0,0,0
0XB1FFS09V3MJDUQGR.avi,23,715,0,0,0
0XB1FFS09V3MJDUQGR.avi,24,794,0,0,0
0XB1FFS09V3MJDUQGR.avi,25,743,0,0,0
0XB1FFS09V3MJDUQGR.avi,26,744,0,0,0
0XB1FFS09V3MJDUQGR.avi,27,700,0,0,0
0XB1FFS09V3MJDUQGR.avi,28,723,0,0,0
0XB1FFS09V3MJDUQGR.avi,29,705,0,0,0
0XB1FFS09V3MJDUQGR.avi,30,669,0,0,0
0XB1FFS09V3MJDUQGR.avi,31,709,0,0,0
0XB1FFS09V3MJDUQGR.avi,32,778,0,0,0
0XB1FFS09V3MJDUQGR.avi,33,605,0,0,1
0XB1FFS09V3MJDUQGR.avi,34,824,0,0,0
0XB1FFS09V3MJDUQGR.avi,35,864,0,0,0
0XB1FFS09V3MJDUQGR.avi,36,962,0,0,0
0XB1FFS09V3MJDUQGR.avi,37,923,0,0,0
0XB1FFS09V3MJDUQGR.avi,38,958,0,0,0
0XB1FFS09V3MJDUQGR.avi,39,983,0,0,0
0XB1FFS09V3MJDUQGR.avi,40,896,0,0,0
0XB1FFS09V3MJDUQGR.avi,41,863,0,0,0
0XB1FFS09V3MJDUQGR.avi,42,801,0,0,0
0XB1FFS09V3MJDUQGR.avi,43,791,0,0,0
0XB1FFS09V3MJDUQGR.avi,44,731,0,0,0
0XB1FFS09V3MJDUQGR.avi,45,692,0,0,0
0XB1FFS09V3MJDUQGR.avi,46,677,0,0,0
0XB1FFS09V3MJDUQGR.avi,47,716,0,0,0
0XB1FFS09V3MJDUQGR.avi,48,662,0,0,0
0XB1FFS09V3MJDUQGR.avi,49,654,0,0,0
0XB1FFS09V3MJDUQGR.avi,50,683,0,0,0
0XB1FFS09V3MJDUQGR.avi,51,643,0,0,0
0XB1FFS09V3MJDUQGR.avi,52,721,0,0,0
0XB1FFS09V3MJDUQGR.avi,53,713,0,0,0
0XB1FFS09V3MJDUQGR.avi,54,603,0,0,0
0XB1FFS09V3MJDUQGR.avi,55,629,0,0,0
0XB1FFS09V3MJDUQGR.avi,56,732,0,0,0
0XB1FFS09V3MJDUQGR.avi,57,737,0,0,0
0XB1FFS09V3MJDUQGR.avi,58,600,0,0,1
0XB1FFS09V3MJDUQGR.avi,59,680,0,0,0
0XB1FFS09V3MJDUQGR.avi,60,674,0,0,0
0XB1FFS09V3MJDUQGR.avi,61,729,0,0,0
0XB1FFS09V3MJDUQGR.avi,62,734,0,0,0
0XB1FFS09V3MJDUQGR.avi,63,765,0,0,0
0XB1FFS09V3MJDUQGR.avi,64,709,0,0,0
0XB1FFS09V3MJDUQGR.avi,65,775,0,0,0
0XB1FFS09V3MJDUQGR.avi,66,696,0,0,0
0XB1FFS09V3MJDUQGR.avi,67,750,0,0,0
0XB1FFS09V3MJDUQGR.avi,68,751,0,0,0
0XB1FFS09V3MJDUQGR.avi,69,791,0,0,0
0XB1FFS09V3MJDUQGR.avi,70,864,0,0,0
0XM8RNXFW2QX6MCUV6.avi,0,948,0,0,0
0XM8RNXFW2QX6MCUV6.avi,1,899,0,0,0
0XM8RNXFW2QX6MCUV6.avi,2,886,0,0,0
0XM8RNXFW2QX6MCUV6.avi,3,738,0,0,0
0XM8RNXFW2QX6MCUV6.avi,4,548,0,0,1
0XM8RNXFW2QX6MCUV6.avi,5,655,0,0,0
0XM8RNXFW2QX6MCUV6.avi,6,780,0,0,0
0XM8RNXFW2QX6MCUV6.avi,7,807,0,0,0
0XM8RNXFW2QX6MCUV6.avi,8,897,0,0,0
0XM8RNXFW2QX6MCUV6.avi,9,844,0,0,0
0XM8RNXFW2QX6MCUV6.avi,10,1143,0,0,0
0XM8RNXFW2QX6MCUV6.avi,11,1065,0,0,0
0XM8RNXFW2QX6MCUV6.avi,12,1053,0,0,0
0XM8RNXFW2QX6MCUV6.avi,13,1082,0,0,0
0XM8RNXFW2QX6MCUV6.avi,14,1315,0,0,0
0XM8RNXFW2QX6MCUV6.avi,15,1191,0,0,0
0XM8RNXFW2QX6MCUV6.avi,16,948,0,0,0
0XM8RNXFW2QX6MCUV6.avi,17,1035,0,0,0
0XM8RNXFW2QX6MCUV6.avi,18,919,0,0,0
0XM8RNXFW2QX6MCUV6.avi,19,871,0,0,0
0XM8RNXFW2QX6MCUV6.avi,20,1056,0,0,0
0XM8RNXFW2QX6MCUV6.avi,21,915,0,0,0
0XM8RNXFW2QX6MCUV6.avi,22,816,0,0,0
0XM8RNXFW2QX6MCUV6.avi,23,752,0,0,0
0XM8RNXFW2QX6MCUV6.avi,24,929,0,0,0
0XM8RNXFW2QX6MCUV6.avi,25,1060,0,0,0
0XM8RNXFW2QX6MCUV6.avi,26,1122,0,0,0
0XM8RNXFW2QX6MCUV6.avi,27,1096,0,0,0
0XM8RNXFW2QX6MCUV6.avi,28,802,0,0,0
0XM8RNXFW2QX6MCUV6.avi,29,990,0,0,0
0XM8RNXFW2QX6MCUV6.avi,30,860,0,0,0
0XM8RNXFW2QX6MCUV6.avi,31,1046,0,0,0
0XM8RNXFW2QX6MCUV6.avi,32,600,0,0,0
0XM8RNXFW2QX6MCUV6.avi,33,707,0,0,0
0XM8RNXFW2QX6MCUV6.avi,34,720,0,0,0
0XM8RNXFW2QX6MCUV6.avi,35,713,0,0,0
0XM8RNXFW2QX6MCUV6.avi,36,485,0,0,0
0XM8RNXFW2QX6MCUV6.avi,37,673,0,0,0
0XM8RNXFW2QX6MCUV6.avi,38,553,0,0,0
0XM8RNXFW2QX6MCUV6.avi,39,426,0,0,0
0XM8RNXFW2QX6MCUV6.avi,40,325,0,0,1
0XM8RNXFW2QX6MCUV6.avi,41,391,0,0,0
0XM8RNXFW2QX6MCUV6.avi,42,410,0,0,0
0XM8RNXFW2QX6MCUV6.avi,43,495,0,0,0
0XM8RNXFW2QX6MCUV6.avi,44,468,0,0,0
0XM8RNXFW2QX6MCUV6.avi,45,496,0,0,0
0XM8RNXFW2QX6MCUV6.avi,46,697,0,0,0
0XM8RNXFW2QX6MCUV6.avi,47,863,0,0,0
0XM8RNXFW2QX6MCUV6.avi,48,783,0,0,0
0XM8RNXFW2QX6MCUV6.avi,49,914,0,0,0
0XM8RNXFW2QX6MCUV6.avi,50,864,0,0,0
0XM8RNXFW2QX6MCUV6.avi,51,1106,0,0,0
0XM8RNXFW2QX6MCUV6.avi,52,1394,0,0,0
0XM8RNXFW2QX6MCUV6.avi,53,877,0,0,0
0XM8RNXFW2QX6MCUV6.avi,54,1183,0,0,0
0XM8RNXFW2QX6MCUV6.avi,55,721,0,0,0
0XM8RNXFW2QX6MCUV6.avi,56,800,0,0,0
0XM8RNXFW2QX6MCUV6.avi,57,855,0,0,0
0XM8RNXFW2QX6MCUV6.avi,58,781,0,0,0
0XM8RNXFW2QX6MCUV6.avi,59,716,0,0,0
0XM8RNXFW2QX6MCUV6.avi,60,650,0,0,0
0XM8RNXFW2QX6MCUV6.avi,61,768,0,0,0
0XM8RNXFW2QX6MCUV6.avi,62,998,0,0,0
0XM8RNXFW2QX6MCUV6.avi,63,762,0,0,0
0XM8RNXFW2QX6MCUV6.avi,64,938,0,0,0
0XM8RNXFW2QX6MCUV6.avi,65,670,0,0,0
0XM8RNXFW2QX6MCUV6.avi,66,619,0,0,0
0XM8RNXFW2QX6MCUV6.avi,67,776,0,0,0
0XM8RNXFW2QX6MCUV6.avi,68,738,0,0,0
0XM8RNXFW2QX6MCUV6.avi,69,618,0,0,0
0XTSXHK260VGE70N3D.avi,0,732,0,0,0
0XTSXHK260VGE70N3D.avi,1,759,0,0,0
0XTSXHK260VGE70N3D.avi,2,822,0,0,0
0XTSXHK260VGE70N3D.avi,3,843,0,0,0
0XTSXHK260VGE70N3D.avi,4,782,0,0,0
0XTSXHK260VGE70N3D.avi,5,755,0,0,0
0XTSXHK260VGE70N3D.avi,6,781,0,0,0
0XTSXHK260VGE70N3D.avi,7,738,0,0,0
0XTSXHK260VGE70N3D.avi,8,684,0,0,0
0XTSXHK260VGE70N3D.avi,9,705,0,0,0
0XTSXHK260VGE70N3D.avi,10,712,0,0,0
0XTSXHK260VGE70N3D.avi,11,675,0,0,0
0XTSXHK260VGE70N3D.avi,12,718,0,0,0
0XTSXHK260VGE70N3D.avi,13,744,0,0,0
0XTSXHK260VGE70N3D.avi,14,710,0,0,0
0XTSXHK260VGE70N3D.avi,15,694,0,0,0
0XTSXHK260VGE70N3D.avi,16,679,0,0,0
0XTSXHK260VGE70N3D.avi,17,683,0,0,0
0XTSXHK260VGE70N3D.avi,18,673,0,0,1
0XTSXHK260VGE70N3D.avi,19,711,0,0,0
0XTSXHK260VGE70N3D.avi,20,684,0,0,0
0XTSXHK260VGE70N3D.avi,21,682,0,0,0
0XTSXHK260VGE70N3D.avi,22,680,0,0,0
0XTSXHK260VGE70N3D.avi,23,795,0,0,0
0XTSXHK260VGE70N3D.avi,24,712,0,0,0
0XTSXHK260VGE70N3D.avi,25,696,0,0,0
0XTSXHK260VGE70N3D.avi,26,707,0,0,0
0XTSXHK260VGE70N3D.avi,27,813,0,0,0
0XTSXHK260VGE70N3D.avi,28,767,0,0,0
0XTSXHK260VGE70N3D.avi,29,873,0,0,0
0XTSXHK260VGE70N3D.avi,30,904,0,0,0
0XTSXHK260VGE70N3D.avi,31,848,0,0,0
0XTSXHK260VGE70N3D.avi,32,902,0,0,0
0XTSXHK260VGE70N3D.avi,33,891,0,0,0
0XTSXHK260VGE70N3D.avi,34,906,0,0,0
0XTSXHK260VGE70N3D.avi,35,895,0,0,0
0XTSXHK260VGE70N3D.avi,36,941,0,0,0
0XTSXHK260VGE70N3D.avi,37,937,0,0,0
0XTSXHK260VGE70N3D.avi,38,935,0,0,0
0XTSXHK260VGE70N3D.avi,39,894,0,0,0
0XTSXHK260VGE70N3D.avi,40,931,0,0,0
0XTSXHK260VGE70N3D.avi,41,955,0,0,0
0XTSXHK260VGE70N3D.avi,42,932,0,0,0
0XTSXHK260VGE70N3D.avi,43,901,0,0,0
0XTSXHK260VGE70N3D.avi,44,897,0,0,0
0XTSXHK260VGE70N3D.avi,45,914,0,0,0
0XTSXHK260VGE70N3D.avi,46,853,0,0,0
0XTSXHK260VGE70N3D.avi,47,921,0,0,0
0XTSXHK260VGE70N3D.avi,48,850,0,0,0
0XTSXHK260VGE70N3D.avi,49,810,0,0,1
0XTSXHK260VGE70N3D.avi,50,823,0,0,0
0XTSXHK260VGE70N3D.avi,51,961,0,0,0
0XTSXHK260VGE70N3D.avi,52,967,0,0,0
0XTSXHK260VGE70N3D.avi,53,1029,0,0,0
0XTSXHK260VGE70N3D.avi,54,914,0,0,0
0XTSXHK260VGE70N3D.avi,55,933,0,0,0
0XTSXHK260VGE70N3D.avi,56,856,0,0,0
0XTSXHK260VGE70N3D.avi,57,878,0,0,0
0XTSXHK260VGE70N3D.avi,58,741,0,0,0
0XTSXHK260VGE70N3D.avi,59,732,0,0,0
0XTSXHK260VGE70N3D.avi,60,668,0,0,0
0XTSXHK260VGE70N3D.avi,61,683,0,0,0
0XTSXHK260VGE70N3D.avi,62,792,0,0,0
0XTSXHK260VGE70N3D.avi,63,789,0,0,0
0XTSXHK260VGE70N3D.avi,64,823,0,0,0
0XTSXHK260VGE70N3D.avi,65,872,0,0,0
0XTSXHK260VGE70N3D.avi,66,739,0,0,0
0XTSXHK260VGE70N3D.avi,67,679,0,0,0
0XTSXHK260VGE70N3D.avi,68,628,0,0,0
0XTSXHK260VGE70N3D.avi,69,734,0,0,0
0XTSXHK260VGE70N3D.avi,70,650,0,0,0
0XTSXHK260VGE70N3D.avi,71,672,0,0,0
0XTSXHK260VGE70N3D.avi,72,662,0,0,0
0XTSXHK260VGE70N3D.avi,73,630,0,0,0
0XTSXHK260VGE70N3D.avi,74,667,0,0,0
0XTSXHK260VGE70N3D.avi,75,586,0,0,1
0XTSXHK260VGE70N3D.avi,76,643,0,0,0
0XTSXHK260VGE70N3D.avi,77,749,0,0,0
0XTSXHK260VGE70N3D.avi,78,748,0,0,0
0XTSXHK260VGE70N3D.avi,79,771,0,0,0
0XTSXHK260VGE70N3D.avi,80,786,0,0,0
0XTSXHK260VGE70N3D.avi,81,793,0,0,0
0XTSXHK260VGE70N3D.avi,82,933,0,0,0
0XTSXHK260VGE70N3D.avi,83,838,0,0,0
0XTSXHK260VGE70N3D.avi,84,789,0,0,0
0XTSXHK260VGE70N3D.avi,85,826,0,0,0
0XTSXHK260VGE70N3D.avi,86,782,0,0,0
0XTSXHK260VGE70N3D.avi,87,861,0,0,0
0XTSXHK260VGE70N3D.avi,88,840,0,0,0
0XTSXHK260VGE70N3D.avi,89,832,0,0,0
0XTSXHK260VGE70N3D.avi,90,861,0,0,0
0XTSXHK260VGE70N3D.avi,91,871,0,0,0
0XTSXHK260VGE70N3D.avi,92,854,0,0,0
0XTSXHK260VGE70N3D.avi,93,837,0,0,0
0XTSXHK260VGE70N3D.avi,94,814,0,0,0
0XTSXHK260VGE70N3D.avi,95,878,0,0,0
0XTSXHK260VGE70N3D.avi,96,867,0,0,0
0XTSXHK260VGE70N3D.avi,97,877,0,0,0
0XTSXHK260VGE70N3D.avi,98,899,0,0,0
0XTSXHK260VGE70N3D.avi,99,892,0,0,0
0XTSXHK260VGE70N3D.avi,100,898,0,0,0
0XTSXHK260VGE70N3D.avi,101,892,0,0,0
0XTSXHK260VGE70N3D.avi,102,844,0,0,0
0X4T3IFBST61DQAFCQ.avi,0,442,0,0,0
0X4T3IFBST61DQAFCQ.avi,1,434,0,0,0
0X4T3IFBST61DQAFCQ.avi,2,433,0,0,0
0X4T3IFBST61DQAFCQ.avi,3,449,0,0,0
0X4T3IFBST61DQAFCQ.avi,4,476,0,0,0
0X4T3IFBST61DQAFCQ.avi,5,431,0,0,0
0X4T3IFBST61DQAFCQ.avi,6,425,0,0,0
0X4T3IFBST61DQAFCQ.avi,7,427,0,0,0
0X4T3IFBST61DQAFCQ.avi,8,439,0,0,0
0X4T3IFBST61DQAFCQ.avi,9,496,0,0,0
0X4T3IFBST61DQAFCQ.avi,10,451,0,0,0
0X4T3IFBST61DQAFCQ.avi,11,522,0,0,0
0X4T3IFBST61DQAFCQ.avi,12,523,0,0,0
0X4T3IFBST61DQAFCQ.avi,13,654,0,0,0
0X4T3IFBST61DQAFCQ.avi,14,532,0,0,0
0X4T3IFBST61DQAFCQ.avi,15,533,0,0,0
0X4T3IFBST61DQAFCQ.avi,16,485,0,0,0
0X4T3IFBST61DQAFCQ.avi,17,695,0,0,0
0X4T3IFBST61DQAFCQ.avi,18,887,0,0,0
0X4T3IFBST61DQAFCQ.avi,19,833,0,0,0
0X4T3IFBST61DQAFCQ.avi,20,900,0,0,0
0X4T3IFBST61DQAFCQ.avi,21,931,0,0,0
0X4T3IFBST61DQAFCQ.avi,22,1001,0,0,0
0X4T3IFBST61DQAFCQ.avi,23,935,0,0,0
0X4T3IFBST61DQAFCQ.avi,24,919,0,0,0
0X4T3IFBST61DQAFCQ.avi,25,485,0,0,0
0X4T3IFBST61DQAFCQ.avi,26,947,0,0,0
0X4T3IFBST61DQAFCQ.avi,27,938,0,0,0
0X4T3IFBST61DQAFCQ.avi,28,622,0,0,0
0X4T3IFBST61DQAFCQ.avi,29,364,0,0,0
0X4T3IFBST61DQAFCQ.avi,30,577,0,0,0
0X4T3IFBST61DQAFCQ.avi,31,636,0,0,0
0X4T3IFBST61DQAFCQ.avi,32,449,0,0,0
0X4T3IFBST61DQAFCQ.avi,33,577,0,0,0
0X4T3IFBST61DQAFCQ.avi,34,403,0,0,0
0X4T3IFBST61DQAFCQ.avi,35,520,0,0,0
0X4T3IFBST61DQAFCQ.avi,36,442,0,0,0
0X4T3IFBST61DQAFCQ.avi,37,419,0,0,0
0X4T3IFBST61DQAFCQ.avi,38,455,0,0,0
0X4T3IFBST61DQAFCQ.avi,39,420,0,0,0
0X4T3IFBST61DQAFCQ.avi,40,441,0,0,0
0X4T3IFBST61DQAFCQ.avi,41,389,0,0,0
0X4T3IFBST61DQAFCQ.avi,42,333,0,0,1
0X4T3IFBST61DQAFCQ.avi,43,341,0,0,0
0X4T3IFBST61DQAFCQ.avi,44,526,0,0,0
0X4T3IFBST61DQAFCQ.avi,45,528,0,0,0
0X4T3IFBST61DQAFCQ.avi,46,603,0,0,0
0X4T3IFBST61DQAFCQ.avi,47,648,0,0,0
0X4T3IFBST61DQAFCQ.avi,48,549,0,0,0
0X4T3IFBST61DQAFCQ.avi,49,636,0,0,0
0X4T3IFBST61DQAFCQ.avi,50,667,0,0,0
0X4T3IFBST61DQAFCQ.avi,51,557,0,0,0
0X4T3IFBST61DQAFCQ.avi,52,732,0,0,0
0X4T3IFBST61DQAFCQ.avi,53,453,0,0,0
0X4T3IFBST61DQAFCQ.avi,54,351,0,0,0
0X4T3IFBST61DQAFCQ.avi,55,583,0,0,0
0X4T3IFBST61DQAFCQ.avi,56,513,0,0,0
0X4T3IFBST61DQAFCQ.avi,57,552,0,0,0
0X4T3IFBST61DQAFCQ.avi,58,602,0,0,0
0X4T3IFBST61DQAFCQ.avi,59,670,0,0,0
0X4T3IFBST61DQAFCQ.avi,60,660,0,0,0
0X4T3IFBST61DQAFCQ.avi,61,749,0,0,0
0X4T3IFBST61DQAFCQ.avi,62,789,0,0,0
0X4T3IFBST61DQAFCQ.avi,63,722,0,0,0
0X4T3IFBST61DQAFCQ.avi,64,828,0,0,0
0X4T3IFBST61DQAFCQ.avi,65,831,0,0,0
0X4T3IFBST61DQAFCQ.avi,66,829,0,0,0
0X4T3IFBST61DQAFCQ.avi,67,793,0,0,0
0X4T3IFBST61DQAFCQ.avi,68,788,0,0,0
0X4T3IFBST61DQAFCQ.avi,69,822,0,0,0
0X4T3IFBST61DQAFCQ.avi,70,737,0,0,0
0X4T3IFBST61DQAFCQ.avi,71,818,0,0,0
0X4T3IFBST61DQAFCQ.avi,72,743,0,0,0
0X4T3IFBST61DQAFCQ.avi,73,989,0,0,0
0X4T3IFBST61DQAFCQ.avi,74,977,0,0,0
0X4T3IFBST61DQAFCQ.avi,75,803,0,0,0
0X4T3IFBST61DQAFCQ.avi,76,632,0,0,0
0X4T3IFBST61DQAFCQ.avi,77,589,0,0,0
0X4T3IFBST61DQAFCQ.avi,78,480,0,0,1
0X4T3IFBST61DQAFCQ.avi,79,522,0,0,0
0X4T3IFBST61DQAFCQ.avi,80,607,0,0,0
0X4T3IFBST61DQAFCQ.avi,81,563,0,0,0
0X4T3IFBST61DQAFCQ.avi,82,697,0,0,0
0X4T3IFBST61DQAFCQ.avi,83,685,0,0,0
0X4T3IFBST61DQAFCQ.avi,84,796,0,0,0
0X4T3IFBST61DQAFCQ.avi,85,825,0,0,0
0X4T3IFBST61DQAFCQ.avi,86,864,0,0,0
0X4T3IFBST61DQAFCQ.avi,87,840,0,0,0
0X4T3IFBST61DQAFCQ.avi,88,785,0,0,0
0X4T3IFBST61DQAFCQ.avi,89,803,0,0,0
0X4T3IFBST61DQAFCQ.avi,90,838,0,0,0
0X4T3IFBST61DQAFCQ.avi,91,837,0,0,0
0X4T3IFBST61DQAFCQ.avi,92,765,0,0,0
0X4T3IFBST61DQAFCQ.avi,93,766,0,0,0
0X4T3IFBST61DQAFCQ.avi,94,799,0,0,0
0XEBV5ZPR8W1UUUD98.avi,0,811,0,0,0
0XEBV5ZPR8W1UUUD98.avi,1,833,0,0,0
0XEBV5ZPR8W1UUUD98.avi,2,804,0,0,0
0XEBV5ZPR8W1UUUD98.avi,3,840,0,0,0
0XEBV5ZPR8W1UUUD98.avi,4,840,0,0,0
0XEBV5ZPR8W1UUUD98.avi,5,856,0,0,0
0XEBV5ZPR8W1UUUD98.avi,6,815,0,0,0
0XEBV5ZPR8W1UUUD98.avi,7,809,0,0,0
0XEBV5ZPR8W1UUUD98.avi,8,783,0,0,0
0XEBV5ZPR8W1UUUD98.avi,9,785,0,0,0
0XEBV5ZPR8W1UUUD98.avi,10,767,0,0,0
0XEBV5ZPR8W1UUUD98.avi,11,758,0,0,0
0XEBV5ZPR8W1UUUD98.avi,12,730,0,0,0
0XEBV5ZPR8W1UUUD98.avi,13,727,0,0,0
0XEBV5ZPR8W1UUUD98.avi,14,701,0,0,0
0XEBV5ZPR8W1UUUD98.avi,15,732,0,0,0
0XEBV5ZPR8W1UUUD98.avi,16,731,0,0,0
0XEBV5ZPR8W1UUUD98.avi,17,743,0,0,0
0XEBV5ZPR8W1UUUD98.avi,18,727,0,0,0
0XEBV5ZPR8W1UUUD98.avi,19,743,0,0,0
0XEBV5ZPR8W1UUUD98.avi,20,748,0,0,0
0XEBV5ZPR8W1UUUD98.avi,21,730,0,0,0
0XEBV5ZPR8W1UUUD98.avi,22,706,0,0,0
0XEBV5ZPR8W1UUUD98.avi,23,689,0,0,0
0XEBV5ZPR8W1UUUD98.avi,24,726,0,0,0
0XEBV5ZPR8W1UUUD98.avi,25,628,0,0,1
0XEBV5ZPR8W1UUUD98.avi,26,711,0,0,0
0XEBV5ZPR8W1UUUD98.avi,27,662,0,0,0
0XEBV5ZPR8W1UUUD98.avi,28,669,0,0,0
0XEBV5ZPR8W1UUUD98.avi,29,650,0,0,0
0XEBV5ZPR8W1UUUD98.avi,30,664,0,0,0
0XEBV5ZPR8W1UUUD98.avi,31,705,0,0,0
0XEBV5ZPR8W1UUUD98.avi,32,751,0,0,0
0XEBV5ZPR8W1UUUD98.avi,33,729,0,0,0
0XEBV5ZPR8W1UUUD98.avi,34,720,0,0,0
0XEBV5ZPR8W1UUUD98.avi,35,737,0,0,0
0XEBV5ZPR8W1UUUD98.avi,36,763,0,0,0
0XEBV5ZPR8W1UUUD98.avi,37,742,0,0,0
0XEBV5ZPR8W1UUUD98.avi,38,736,0,0,0
0XEBV5ZPR8W1UUUD98.avi,39,691,0,0,0
0XEBV5ZPR8W1UUUD98.avi,40,695,0,0,0
0XEBV5ZPR8W1UUUD98.avi,41,672,0,0,0
0XEBV5ZPR8W1UUUD98.avi,42,689,0,0,0
0XEBV5ZPR8W1UUUD98.avi,43,725,0,0,0
0XEBV5ZPR8W1UUUD98.avi,44,743,0,0,0
0XEBV5ZPR8W1UUUD98.avi,45,716,0,0,0
0XEBV5ZPR8W1UUUD98.avi,46,679,0,0,0
0XEBV5ZPR8W1UUUD98.avi,47,713,0,0,0
0XEBV5ZPR8W1UUUD98.avi,48,712,0,0,0
0XEBV5ZPR8W1UUUD98.avi,49,711,0,0,0
0XEBV5ZPR8W1UUUD98.avi,50,756,0,0,0
0XEBV5ZPR8W1UUUD98.avi,51,752,0,0,0
0XEBV5ZPR8W1UUUD98.avi,52,692,0,0,0
0XEBV5ZPR8W1UUUD98.avi,53,774,0,0,0
0XEBV5ZPR8W1UUUD98.avi,54,781,0,0,0
0XEBV5ZPR8W1UUUD98.avi,55,825,0,0,0
0XEBV5ZPR8W1UUUD98.avi,56,852,0,0,0
0XEBV5ZPR8W1UUUD98.avi,57,825,0,0,0
0XEBV5ZPR8W1UUUD98.avi,58,797,0,0,0
0XEBV5ZPR8W1UUUD98.avi,59,773,0,0,0
0XEBV5ZPR8W1UUUD98.avi,60,777,0,0,0
0XEBV5ZPR8W1UUUD98.avi,61,758,0,0,0
0XEBV5ZPR8W1UUUD98.avi,62,720,0,0,0
0XEBV5ZPR8W1UUUD98.avi,63,742,0,0,0
0XEBV5ZPR8W1UUUD98.avi,64,717,0,0,0
0XEBV5ZPR8W1UUUD98.avi,65,722,0,0,0
0XEBV5ZPR8W1UUUD98.avi,66,735,0,0,0
0XEBV5ZPR8W1UUUD98.avi,67,779,0,0,0
0XEBV5ZPR8W1UUUD98.avi,68,768,0,0,0
0XEBV5ZPR8W1UUUD98.avi,69,784,0,0,0
0XEBV5ZPR8W1UUUD98.avi,70,793,0,0,0
0XEBV5ZPR8W1UUUD98.avi,71,806,0,0,0
0XEBV5ZPR8W1UUUD98.avi,72,801,0,0,0
0XEBV5ZPR8W1UUUD98.avi,73,803,0,0,0
0XEBV5ZPR8W1UUUD98.avi,74,773,0,0,0
0XEBV5ZPR8W1UUUD98.avi,75,709,0,0,1
0XEBV5ZPR8W1UUUD98.avi,76,721,0,0,0
0XEBV5ZPR8W1UUUD98.avi,77,727,0,0,0
0XEBV5ZPR8W1UUUD98.avi,78,730,0,0,0
0XEBV5ZPR8W1UUUD98.avi,79,754,0,0,0
0XEBV5ZPR8W1UUUD98.avi,80,754,0,0,0
0XEBV5ZPR8W1UUUD98.avi,81,772,0,0,0
0XEBV5ZPR8W1UUUD98.avi,82,773,0,0,0
0XEBV5ZPR8W1UUUD98.avi,83,810,0,0,0
0XEBV5ZPR8W1UUUD98.avi,84,785,0,0,0
0XEBV5ZPR8W1UUUD98.avi,85,825,0,0,0
0XEBV5ZPR8W1UUUD98.avi,86,812,0,0,0
0XEBV5ZPR8W1UUUD98.avi,87,746,0,0,0
0XEBV5ZPR8W1UUUD98.avi,88,816,0,0,0
0XEBV5ZPR8W1UUUD98.avi,89,805,0,0,0
0XEBV5ZPR8W1UUUD98.avi,90,810,0,0,0
0XEBV5ZPR8W1UUUD98.avi,91,840,0,0,0
0XEBV5ZPR8W1UUUD98.avi,92,841,0,0,0
0XEBV5ZPR8W1UUUD98.avi,93,866,0,0,0
0XEBV5ZPR8W1UUUD98.avi,94,859,0,0,0
0XEBV5ZPR8W1UUUD98.avi,95,898,0,0,0
0XEBV5ZPR8W1UUUD98.avi,96,846,0,0,0
0XEBV5ZPR8W1UUUD98.avi,97,772,0,0,0
0XEBV5ZPR8W1UUUD98.avi,98,762,0,0,1
0XEBV5ZPR8W1UUUD98.avi,99,796,0,0,0
0XEBV5ZPR8W1UUUD98.avi,100,824,0,0,0
0XEBV5ZPR8W1UUUD98.avi,101,878,0,0,0
0XEBV5ZPR8W1UUUD98.avi,102,880,0,0,0
0XJTDJIVT38B79AL63.avi,0,846,0,0,0
0XJTDJIVT38B79AL63.avi,1,873,0,0,0
0XJTDJIVT38B79AL63.avi,2,768,0,0,0
0XJTDJIVT38B79AL63.avi,3,748,0,0,0
0XJTDJIVT38B79AL63.avi,4,679,0,0,1
0XJTDJIVT38B79AL63.avi,5,696,0,0,0
0XJTDJIVT38B79AL63.avi,6,689,0,0,0
0XJTDJIVT38B79AL63.avi,7,770,0,0,0
0XJTDJIVT38B79AL63.avi,8,778,0,0,0
0XJTDJIVT38B79AL63.avi,9,850,0,0,0
0XJTDJIVT38B79AL63.avi,10,834,0,0,0
0XJTDJIVT38B79AL63.avi,11,855,0,0,0
0XJTDJIVT38B79AL63.avi,12,951,0,0,0
0XJTDJIVT38B79AL63.avi,13,881,0,0,0
0XJTDJIVT38B79AL63.avi,14,855,0,0,0
0XJTDJIVT38B79AL63.avi,15,936,0,0,0
0XJTDJIVT38B79AL63.avi,16,916,0,0,0
0XJTDJIVT38B79AL63.avi,17,864,0,0,0
0XJTDJIVT38B79AL63.avi,18,863,0,0,0
0XJTDJIVT38B79AL63.avi,19,899,0,0,0
0XJTDJIVT38B79AL63.avi,20,751,0,0,0
0XJTDJIVT38B79AL63.avi,21,878,0,0,0
0XJTDJIVT38B79AL63.avi,22,872,0,0,0
0XJTDJIVT38B79AL63.avi,23,913,0,0,0
0XJTDJIVT38B79AL63.avi,24,1080,0,0,0
0XJTDJIVT38B79AL63.avi,25,1103,0,0,0
0XJTDJIVT38B79AL63.avi,26,881,0,0,0
0XJTDJIVT38B79AL63.avi,27,923,0,0,0
0XJTDJIVT38B79AL63.avi,28,842,0,0,0
0XJTDJIVT38B79AL63.avi,29,865,0,0,0
0XJTDJIVT38B79AL63.avi,30,920,0,0,0
0XJTDJIVT38B79AL63.avi,31,842,0,0,0
0XJTDJIVT38B79AL63.avi,32,818,0,0,0
0XJTDJIVT38B79AL63.avi,33,873,0,0,0
0XJTDJIVT38B79AL63.avi,34,836,0,0,0
0XJTDJIVT38B79AL63.avi,35,818,0,0,0
0XJTDJIVT38B79AL63.avi,36,836,0,0,0
0XJTDJIVT38B79AL63.avi,37,854,0,0,0
0XJTDJIVT38B79AL63.avi,38,891,0,0,0
0XJTDJIVT38B79AL63.avi,39,934,0,0,0
0XJTDJIVT38B79AL63.avi,40,977,0,0,0
0XJTDJIVT38B79AL63.avi,41,912,0,0,0
0XJTDJIVT38B79AL63.avi,42,941,0,0,0
0XJTDJIVT38B79AL63.avi,43,961,0,0,0
0XJTDJIVT38B79AL63.avi,44,826,0,0,0
0XJTDJIVT38B79AL63.avi,45,918,0,0,0
0XJTDJIVT38B79AL63.avi,46,884,0,0,0
0XJTDJIVT38B79AL63.avi,47,895,0,0,0
0XJTDJIVT38B79AL63.avi,48,872,0,0,0
0XJTDJIVT38B79AL63.avi,49,822,0,0,0
0XJTDJIVT38B79AL63.avi,50,744,0,0,1
0XJTDJIVT38B79AL63.avi,51,753,0,0,0
0XJTDJIVT38B79AL63.avi,52,814,0,0,0
0XJTDJIVT38B79AL63.avi,53,926,0,0,0
0XJTDJIVT38B79AL63.avi,54,1014,0,0,0
0XJTDJIVT38B79AL63.avi,55,1065,0,0,0
0XJTDJIVT38B79AL63.avi,56,1002,0,0,0
0XJTDJIVT38B79AL63.avi,57,1041,0,0,0
0XJTDJIVT38B79AL63.avi,58,998,0,0,0
0XJTDJIVT38B79AL63.avi,59,1002,0,0,0
0XJTDJIVT38B79AL63.avi,60,897,0,0,0
0XJTDJIVT38B79AL63.avi,61,796,0,0,0
0XJTDJIVT38B79AL63.avi,62,782,0,0,0
0XJTDJIVT38B79AL63.avi,63,749,0,0,0
0XJTDJIVT38B79AL63.avi,64,762,0,0,0
0XJTDJIVT38B79AL63.avi,65,764,0,0,0
0XJTDJIVT38B79AL63.avi,66,828,0,0,0
0XJTDJIVT38B79AL63.avi,67,850,0,0,0
0XJTDJIVT38B79AL63.avi,68,915,0,0,0
0XJTDJIVT38B79AL63.avi,69,888,0,0,0
0XJTDJIVT38B79AL63.avi,70,795,0,0,0
0XJTDJIVT38B79AL63.avi,71,797,0,0,0
0XJTDJIVT38B79AL63.avi,72,684,0,0,1
0XJTDJIVT38B79AL63.avi,73,744,0,0,0
0XJTDJIVT38B79AL63.avi,74,705,0,0,0
0XJTDJIVT38B79AL63.avi,75,768,0,0,0
0XJTDJIVT38B79AL63.avi,76,814,0,0,0
0XJTDJIVT38B79AL63.avi,77,881,0,0,0
0XJTDJIVT38B79AL63.avi,78,895,0,0,0
0XJTDJIVT38B79AL63.avi,79,914,0,0,0
0XJTDJIVT38B79AL63.avi,80,883,0,0,0
0XJTDJIVT38B79AL63.avi,81,918,0,0,0
0XJTDJIVT38B79AL63.avi,82,895,0,0,0
0XJTDJIVT38B79AL63.avi,83,978,0,0,0
0XJTDJIVT38B79AL63.avi,84,998,0,0,0
0XJTDJIVT38B79AL63.avi,85,1065,0,0,0
0XJTDJIVT38B79AL63.avi,86,1120,0,0,0
0XJTDJIVT38B79AL63.avi,87,1114,0,0,0
0XJTDJIVT38B79AL63.avi,88,1213,0,0,0
0XJTDJIVT38B79AL63.avi,89,1170,0,0,0
0XJTDJIVT38B79AL63.avi,90,1182,0,0,0
0XJTDJIVT38B79AL63.avi,91,983,0,0,0
0XJTDJIVT38B79AL63.avi,92,965,0,0,0
0XJTDJIVT38B79AL63.avi,93,1007,0,0,0
0XJTDJIVT38B79AL63.avi,94,1009,0,0,0
0XJTDJIVT38B79AL63.avi,95,931,0,0,0
0XP5EFTV2IH687C63X.avi,0,728,0,0,0
0XP5EFTV2IH687C63X.avi,1,729,0,0,0
0XP5EFTV2IH687C63X.avi,2,748,0,0,0
0XP5EFTV2IH687C63X.avi,3,741,0,0,0
0XP5EFTV2IH687C63X.avi,4,730,0,0,0
0XP5EFTV2IH687C63X.avi,5,706,0,0,0
0XP5EFTV2IH687C63X.avi,6,687,0,0,0
0XP5EFTV2IH687C63X.avi,7,684,0,0,0
0XP5EFTV2IH687C63X.avi,8,659,0,0,0
0XP5EFTV2IH687C63X.avi,9,635,0,0,0
0XP5EFTV2IH687C63X.avi,10,596,0,0,0
0XP5EFTV2IH687C63X.avi,11,594,0,0,0
0XP5EFTV2IH687C63X.avi,12,572,0,0,0
0XP5EFTV2IH687C63X.avi,13,564,0,0,0
0XP5EFTV2IH687C63X.avi,14,556,0,0,0
0XP5EFTV2IH687C63X.avi,15,550,0,0,0
0XP5EFTV2IH687C63X.avi,16,562,0,0,0
0XP5EFTV2IH687C63X.avi,17,560,0,0,0
0XP5EFTV2IH687C63X.avi,18,596,0,0,0
0XP5EFTV2IH687C63X.avi,19,567,0,0,0
0XP5EFTV2IH687C63X.avi,20,550,0,0,0
0XP5EFTV2IH687C63X.avi,21,548,0,0,1
0XP5EFTV2IH687C63X.avi,22,583,0,0,0
0XP5EFTV2IH687C63X.avi,23,591,0,0,0
0XP5EFTV2IH687C63X.avi,24,616,0,0,0
0XP5EFTV2IH687C63X.avi,25,630,0,0,0
0XP5EFTV2IH687C63X.avi,26,639,0,0,0
0XP5EFTV2IH687C63X.avi,27,632,0,0,0
0XP5EFTV2IH687C63X.avi,28,635,0,0,0
0XP5EFTV2IH687C63X.avi,29,664,0,0,0
0XP5EFTV2IH687C63X.avi,30,679,0,0,0
0XP5EFTV2IH687C63X.avi,31,663,0,0,0
0XP5EFTV2IH687C63X.avi,32,696,0,0,0
0XP5EFTV2IH687C63X.avi,33,681,0,0,0
0XP5EFTV2IH687C63X.avi,34,709,0,0,0
0XP5EFTV2IH687C63X.avi,35,698,0,0,0
0XP5EFTV2IH687C63X.avi,36,733,0,0,0
0XP5EFTV2IH687C63X.avi,37,721,0,0,0
0XP5EFTV2IH687C63X.avi,38,701,0,0,0
0XP5EFTV2IH687C63X.avi,39,695,0,0,0
0XP5EFTV2IH687C63X.avi,40,699,0,0,0
0XP5EFTV2IH687C63X.avi,41,692,0,0,0
0XP5EFTV2IH687C63X.avi,42,661,0,0,0
0XP5EFTV2IH687C63X.avi,43,670,0,0,0
0XP5EFTV2IH687C63X.avi,44,644,0,0,0
0XP5EFTV2IH687C63X.avi,45,679,0,0,0
0XP5EFTV2IH687C63X.avi,46,653,0,0,0
0XP5EFTV2IH687C63X.avi,47,646,0,0,0
0XP5EFTV2IH687C63X.avi,48,670,0,0,0
0XP5EFTV2IH687C63X.avi,49,653,0,0,0
0XP5EFTV2IH687C63X.avi,50,651,0,0,0
0XP5EFTV2IH687C63X.avi,51,617,0,0,1
0XP5EFTV2IH687C63X.avi,52,673,0,0,0
0XP5EFTV2IH687C63X.avi,53,758,0,0,0
0XP5EFTV2IH687C63X.avi,54,689,0,0,0
0XP5EFTV2IH687C63X.avi,55,629,0,0,0
0XP5EFTV2IH687C63X.avi,56,664,0,0,0
0XP5EFTV2IH687C63X.avi,57,705,0,0,0
0XP5EFTV2IH687C63X.avi,58,713,0,0,0
0XP5EFTV2IH687C63X.avi,59,680,0,0,0
0XP5EFTV2IH687C63X.avi,60,652,0,0,0
0XP5EFTV2IH687C63X.avi,61,690,0,0,0
0XP5EFTV2IH687C63X.avi,62,721,0,0,0
0XP5EFTV2IH687C63X.avi,63,708,0,0,0
0XP5EFTV2IH687C63X.avi,64,716,0,0,0
0XP5EFTV2IH687C63X.avi,65,725,0,0,0
0XP5EFTV2IH687C63X.avi,66,756,0,0,0
0XP5EFTV2IH687C63X.avi,67,753,0,0,0
0XP5EFTV2IH687C63X.avi,68,760,0,0,0
0XGBUH9P6VYMIL0P11.avi,0,684,0,0,0
0XGBUH9P6VYMIL0P11.avi,1,674,0,0,0
0XGBUH9P6VYMIL0P11.avi,2,692,0,0,0
0XGBUH9P6VYMIL0P11.avi,3,650,0,0,0
0XGBUH9P6VYMIL0P11.avi,4,685,0,0,0
0XGBUH9P6VYMIL0P11.avi,5,833,0,0,0
0XGBUH9P6VYMIL0P11.avi,6,894,0,0,0
0XGBUH9P6VYMIL0P11.avi,7,1262,0,0,0
0XGBUH9P6VYMIL0P11.avi,8,1293,0,0,0
0XGBUH9P6VYMIL0P11.avi,9,1105,0,0,0
0XGBUH9P6VYMIL0P11.avi,10,1504,0,0,0
0XGBUH9P6VYMIL0P11.avi,11,1405,0,0,0
0XGBUH9P6VYMIL0P11.avi,12,1921,0,0,0
0XGBUH9P6VYMIL0P11.avi,13,2090,0,0,0
0XGBUH9P6VYMIL0P11.avi,14,2198,0,0,0
0XGBUH9P6VYMIL0P11.avi,15,2280,0,0,0
0XGBUH9P6VYMIL0P11.avi,16,2236,0,0,0
0XGBUH9P6VYMIL0P11.avi,17,1992,0,0,0
0XGBUH9P6VYMIL0P11.avi,18,1848,0,0,0
0XGBUH9P6VYMIL0P11.avi,19,1811,0,0,0
0XGBUH9P6VYMIL0P11.avi,20,1739,0,0,0
0XGBUH9P6VYMIL0P11.avi,21,1792,0,0,0
0XGBUH9P6VYMIL0P11.avi,22,1821,0,0,0
0XGBUH9P6VYMIL0P11.avi,23,1573,0,0,0
0XGBUH9P6VYMIL0P11.avi,24,1424,0,0,0
0XGBUH9P6VYMIL0P11.avi,25,1313,0,0,0
0XGBUH9P6VYMIL0P11.avi,26,1234,0,0,0
0XGBUH9P6VYMIL0P11.avi,27,1229,0,0,0
0XGBUH9P6VYMIL0P11.avi,28,810,0,0,0
0XGBUH9P6VYMIL0P11.avi,29,794,0,0,0
0XGBUH9P6VYMIL0P11.avi,30,620,0,0,0
0XGBUH9P6VYMIL0P11.avi,31,609,0,0,0
0XGBUH9P6VYMIL0P11.avi,32,642,0,0,0
0XGBUH9P6VYMIL0P11.avi,33,609,0,0,0
0XGBUH9P6VYMIL0P11.avi,34,594,0,0,0
0XGBUH9P6VYMIL0P11.avi,35,635,0,0,0
0XGBUH9P6VYMIL0P11.avi,36,605,0,0,0
0XGBUH9P6VYMIL0P11.avi,37,608,0,0,0
0XGBUH9P6VYMIL0P11.avi,38,622,0,0,0
0XGBUH9P6VYMIL0P11.avi,39,623,0,0,0
0XGBUH9P6VYMIL0P11.avi,40,624,0,0,0
0XGBUH9P6VYMIL0P11.avi,41,657,0,0,0
0XGBUH9P6VYMIL0P11.avi,42,599,0,0,0
0XGBUH9P6VYMIL0P11.avi,43,581,0,0,0
0XGBUH9P6VYMIL0P11.avi,44,572,0,0,0
0XGBUH9P6VYMIL0P11.avi,45,560,0,0,0
0XGBUH9P6VYMIL0P11.avi,46,769,0,0,0
0XGBUH9P6VYMIL0P11.avi,47,711,0,0,0
0XGBUH9P6VYMIL0P11.avi,48,643,0,0,0
0XGBUH9P6VYMIL0P11.avi,49,613,0,0,0
0XGBUH9P6VYMIL0P11.avi,50,575,0,0,0
0XGBUH9P6VYMIL0P11.avi,51,550,0,0,0
0XGBUH9P6VYMIL0P11.avi,52,605,0,0,0
0XGBUH9P6VYMIL0P11.avi,53,580,0,0,0
0XGBUH9P6VYMIL0P11.avi,54,674,0,0,0
0XGBUH9P6VYMIL0P11.avi,55,594,0,0,0
0XGBUH9P6VYMIL0P11.avi,56,620,0,0,0
0XGBUH9P6VYMIL0P11.avi,57,633,0,0,0
0XGBUH9P6VYMIL0P11.avi,58,649,0,0,0
0XGBUH9P6VYMIL0P11.avi,59,618,0,0,0
0XGBUH9P6VYMIL0P11.avi,60,570,0,0,0
0XGBUH9P6VYMIL0P11.avi,61,608,0,0,0
0XGBUH9P6VYMIL0P11.avi,62,616,0,0,0
0XGBUH9P6VYMIL0P11.avi,63,587,0,0,0
0XGBUH9P6VYMIL0P11.avi,64,392,0,0,0
0XGBUH9P6VYMIL0P11.avi,65,286,0,0,0
0XGBUH9P6VYMIL0P11.avi,66,402,0,0,0
0XGBUH9P6VYMIL0P11.avi,67,659,0,0,0
0XXGXEKOS9RYPKL6UT.avi,0,802,0,0,0
0XXGXEKOS9RYPKL6UT.avi,1,917,0,0,0
0XXGXEKOS9RYPKL6UT.avi,2,593,0,0,1
0XXGXEKOS9RYPKL6UT.avi,3,724,0,0,0
0XXGXEKOS9RYPKL6UT.avi,4,776,0,0,0
0XXGXEKOS9RYPKL6UT.avi,5,737,0,0,0
0XXGXEKOS9RYPKL6UT.avi,6,762,0,0,0
0XXGXEKOS9RYPKL6UT.avi,7,668,0,0,0
0XXGXEKOS9RYPKL6UT.avi,8,855,0,0,0
0XXGXEKOS9RYPKL6UT.avi,9,956,0,0,0
0XXGXEKOS9RYPKL6UT.avi,10,934,0,0,0
0XXGXEKOS9RYPKL6UT.avi,11,930,0,0,0
0XXGXEKOS9RYPKL6UT.avi,12,934,0,0,0
0XXGXEKOS9RYPKL6UT.avi,13,913,0,0,0
0XXGXEKOS9RYPKL6UT.avi,14,725,0,0,0
0XXGXEKOS9RYPKL6UT.avi,15,790,0,0,0
0XXGXEKOS9RYPKL6UT.avi,16,812,0,0,0
0XXGXEKOS9RYPKL6UT.avi,17,835,0,0,0
0XXGXEKOS9RYPKL6UT.avi,18,885,0,0,0
0XXGXEKOS9RYPKL6UT.avi,19,824,0,0,0
0XXGXEKOS9RYPKL6UT.avi,20,760,0,0,0
0XXGXEKOS9RYPKL6UT.avi,21,845,0,0,0
0XXGXEKOS9RYPKL6UT.avi,22,943,0,0,0
0XXGXEKOS9RYPKL6UT.avi,23,1026,0,0,0
0XXGXEKOS9RYPKL6UT.avi,24,1043,0,0,0
0XXGXEKOS9RYPKL6UT.avi,25,816,0,0,0
0XXGXEKOS9RYPKL6UT.avi,26,1088,0,0,0
0XXGXEKOS9RYPKL6UT.avi,27,1127,0,0,0
0XXGXEKOS9RYPKL6UT.avi,28,941,0,0,0
0XXGXEKOS9RYPKL6UT.avi,29,746,0,0,0
0XXGXEKOS9RYPKL6UT.avi,30,813,0,0,0
0XXGXEKOS9RYPKL6UT.avi,31,952,0,0,0
0XXGXEKOS9RYPKL6UT.avi,32,1002,0,0,0
0XXGXEKOS9RYPKL6UT.avi,33,757,0,0,0
0XXGXEKOS9RYPKL6UT.avi,34,602,0,0,0
0XXGXEKOS9RYPKL6UT.avi,35,529,0,0,0
0XXGXEKOS9RYPKL6UT.avi,36,494,0,0,1
0XXGXEKOS9RYPKL6UT.avi,37,577,0,0,0
0XXGXEKOS9RYPKL6UT.avi,38,566,0,0,0
0XXGXEKOS9RYPKL6UT.avi,39,882,0,0,0
0XXGXEKOS9RYPKL6UT.avi,40,887,0,0,0
0XXGXEKOS9RYPKL6UT.avi,41,1053,0,0,0
0XXGXEKOS9RYPKL6UT.avi,42,859,0,0,0
0XXGXEKOS9RYPKL6UT.avi,43,863,0,0,0
0XXGXEKOS9RYPKL6UT.avi,44,809,0,0,0
0XXGXEKOS9RYPKL6UT.avi,45,765,0,0,0
0XXGXEKOS9RYPKL6UT.avi,46,711,0,0,0
0XXGXEKOS9RYPKL6UT.avi,47,693,0,0,0
0XXGXEKOS9RYPKL6UT.avi,48,671,0,0,0
0XXGXEKOS9RYPKL6UT.avi,49,717,0,0,0
0XXGXEKOS9RYPKL6UT.avi,50,848,0,0,0
0XXGXEKOS9RYPKL6UT.avi,51,680,0,0,0
0XXGXEKOS9RYPKL6UT.avi,52,732,0,0,0
0XXGXEKOS9RYPKL6UT.avi,53,804,0,0,0
0XXGXEKOS9RYPKL6UT.avi,54,826,0,0,0
0XXGXEKOS9RYPKL6UT.avi,55,824,0,0,0
0XXGXEKOS9RYPKL6UT.avi,56,841,0,0,0
0XXGXEKOS9RYPKL6UT.avi,57,878,0,0,0
0XXGXEKOS9RYPKL6UT.avi,58,856,0,0,0
0XXGXEKOS9RYPKL6UT.avi,59,1176,0,0,0
0XXGXEKOS9RYPKL6UT.avi,60,1244,0,0,0
0XXGXEKOS9RYPKL6UT.avi,61,1156,0,0,0
0XXGXEKOS9RYPKL6UT.avi,62,1188,0,0,0
0XXGXEKOS9RYPKL6UT.avi,63,1220,0,0,0
0XXGXEKOS9RYPKL6UT.avi,64,1137,0,0,0
0XXGXEKOS9RYPKL6UT.avi,65,1088,0,0,0
0XXGXEKOS9RYPKL6UT.avi,66,842,0,0,0
0XXGXEKOS9RYPKL6UT.avi,67,798,0,0,0
0XHGL5JQXBX4XA9X21.avi,0,614,0,0,0
0XHGL5JQXBX4XA9X21.avi,1,658,0,0,0
0XHGL5JQXBX4XA9X21.avi,2,691,0,0,0
0XHGL5JQXBX4XA9X21.avi,3,698,0,0,0
0XHGL5JQXBX4XA9X21.avi,4,704,0,0,0
0XHGL5JQXBX4XA9X21.avi,5,671,0,0,0
0XHGL5JQXBX4XA9X21.avi,6,661,0,0,0
0XHGL5JQXBX4XA9X21.avi,7,669,0,0,0
0XHGL5JQXBX4XA9X21.avi,8,598,0,0,0
0XHGL5JQXBX4XA9X21.avi,9,594,0,0,0
0XHGL5JQXBX4XA9X21.avi,10,585,0,0,0
0XHGL5JQXBX4XA9X21.avi,11,562,0,0,0
0XHGL5JQXBX4XA9X21.avi,12,557,0,0,0
0XHGL5JQXBX4XA9X21.avi,13,517,0,0,0
0XHGL5JQXBX4XA9X21.avi,14,523,0,0,0
0XHGL5JQXBX4XA9X21.avi,15,517,0,0,0
0XHGL5JQXBX4XA9X21.avi,16,494,0,0,0
0XHGL5JQXBX4XA9X21.avi,17,518,0,0,0
0XHGL5JQXBX4XA9X21.avi,18,480,0,0,0
0XHGL5JQXBX4XA9X21.avi,19,510,0,0,0
0XHGL5JQXBX4XA9X21.avi,20,501,0,0,0
0XHGL5JQXBX4XA9X21.avi,21,520,0,0,0
0XHGL5JQXBX4XA9X21.avi,22,458,0,0,0
0XHGL5JQXBX4XA9X21.avi,23,450,0,0,0
0XHGL5JQXBX4XA9X21.avi,24,417,0,0,1
0XHGL5JQXBX4XA9X21.avi,25,551,0,0,0
0XHGL5JQXBX4XA9X21.avi,26,555,0,0,0
0XHGL5JQXBX4XA9X21.avi,27,606,0,0,0
0XHGL5JQXBX4XA9X21.avi,28,616,0,0,0
0XHGL5JQXBX4XA9X21.avi,29,657,0,0,0
0XHGL5JQXBX4XA9X21.avi,30,661,0,0,0
0XHGL5JQXBX4XA9X21.avi,31,659,0,0,0
0XHGL5JQXBX4XA9X21.avi,32,635,0,0,0
0XHGL5JQXBX4XA9X21.avi,33,662,0,0,0
0XHGL5JQXBX4XA9X21.avi,34,668,0,0,0
0XHGL5JQXBX4XA9X21.avi,35,703,0,0,0
0XHGL5JQXBX4XA9X21.avi,36,672,0,0,0
0XHGL5JQXBX4XA9X21.avi,37,723,0,0,0
0XHGL5JQXBX4XA9X21.avi,38,681,0,0,0
0XHGL5JQXBX4XA9X21.avi,39,686,0,0,0
0XHGL5JQXBX4XA9X21.avi,40,648,0,0,0
0XHGL5JQXBX4XA9X21.avi,41,626,0,0,0
0XHGL5JQXBX4XA9X21.avi,42,627,0,0,0
0XHGL5JQXBX4XA9X21.avi,43,677,0,0,0
0XHGL5JQXBX4XA9X21.avi,44,681,0,0,0
0XHGL5JQXBX4XA9X21.avi,45,700,0,0,0
0XHGL5JQXBX4XA9X21.avi,46,714,0,0,0
0XHGL5JQXBX4XA9X21.avi,47,727,0,0,0
0XHGL5JQXBX4XA9X21.avi,48,692,0,0,0
0XHGL5JQXBX4XA9X21.avi,49,659,0,0,0
0XHGL5JQXBX4XA9X21.avi,50,651,0,0,0
0XHGL5JQXBX4XA9X21.avi,51,655,0,0,0
0XHGL5JQXBX4XA9X21.avi,52,636,0,0,0
0XHGL5JQXBX4XA9X21.avi,53,607,0,0,0
0XHGL5JQXBX4XA9X21.avi,54,568,0,0,0
0XHGL5JQXBX4XA9X21.avi,55,590,0,0,0
0XHGL5JQXBX4XA9X21.avi,56,563,0,0,0
0XHGL5JQXBX4XA9X21.avi,57,532,0,0,0
0XHGL5JQXBX4XA9X21.avi,58,518,0,0,0
0XHGL5JQXBX4XA9X21.avi,59,583,0,0,0
0XHGL5JQXBX4XA9X21.avi,60,545,0,0,0
0XHGL5JQXBX4XA9X21.avi,61,524,0,0,0
0XHGL5JQXBX4XA9X21.avi,62,490,0,0,0
0XHGL5JQXBX4XA9X21.avi,63,490,0,0,0
0XHGL5JQXBX4XA9X21.avi,64,612,0,0,0
0XHGL5JQXBX4XA9X21.avi,65,531,0,0,0
0XHGL5JQXBX4XA9X21.avi,66,476,0,0,1
0XHGL5JQXBX4XA9X21.avi,67,477,0,0,0
0XHGL5JQXBX4XA9X21.avi,68,539,0,0,0
0XHGL5JQXBX4XA9X21.avi,69,552,0,0,0
0XHGL5JQXBX4XA9X21.avi,70,582,0,0,0
0XHGL5JQXBX4XA9X21.avi,71,657,0,0,0
0XHGL5JQXBX4XA9X21.avi,72,665,0,0,0
0XHGL5JQXBX4XA9X21.avi,73,702,0,0,0
0XHGL5JQXBX4XA9X21.avi,74,689,0,0,0
0XHGL5JQXBX4XA9X21.avi,75,693,0,0,0
0XHGL5JQXBX4XA9X21.avi,76,691,0,0,0
0XHGL5JQXBX4XA9X21.avi,77,705,0,0,0
0XHGL5JQXBX4XA9X21.avi,78,704,0,0,0
0XHGL5JQXBX4XA9X21.avi,79,701,0,0,0
0XHGL5JQXBX4XA9X21.avi,80,710,0,0,0
0XHGL5JQXBX4XA9X21.avi,81,704,0,0,0
0XHGL5JQXBX4XA9X21.avi,82,702,0,0,0
0XHGL5JQXBX4XA9X21.avi,83,697,0,0,0
0XHGL5JQXBX4XA9X21.avi,84,673,0,0,0
0XHGL5JQXBX4XA9X21.avi,85,685,0,0,0
0XHGL5JQXBX4XA9X21.avi,86,669,0,0,0
0XHGL5JQXBX4XA9X21.avi,87,693,0,0,0
0XHGL5JQXBX4XA9X21.avi,88,717,0,0,0
0X426N34G357LZ1K07.avi,0,331,0,0,0
0X426N34G357LZ1K07.avi,1,434,0,0,0
0X426N34G357LZ1K07.avi,2,313,0,0,0
0X426N34G357LZ1K07.avi,3,270,0,0,0
0X426N34G357LZ1K07.avi,4,325,0,0,0
0X426N34G357LZ1K07.avi,5,468,0,0,0
0X426N34G357LZ1K07.avi,6,426,0,0,0
0X426N34G357LZ1K07.avi,7,329,0,0,0
0X426N34G357LZ1K07.avi,8,280,0,0,0
0X426N34G357LZ1K07.avi,9,166,0,0,0
0X426N34G357LZ1K07.avi,10,160,0,0,1
0X426N34G357LZ1K07.avi,11,292,0,0,0
0X426N34G357LZ1K07.avi,12,386,0,0,0
0X426N34G357LZ1K07.avi,13,295,0,0,0
0X426N34G357LZ1K07.avi,14,459,0,0,0
0X426N34G357LZ1K07.avi,15,194,0,0,0
0X426N34G357LZ1K07.avi,16,257,0,0,0
0X426N34G357LZ1K07.avi,17,193,0,0,0
0X426N34G357LZ1K07.avi,18,237,0,0,0
0X426N34G357LZ1K07.avi,19,168,0,0,0
0X426N34G357LZ1K07.avi,20,243,0,0,0
0X426N34G357LZ1K07.avi,21,167,0,0,0
0X426N34G357LZ1K07.avi,22,242,0,0,0
0X426N34G357LZ1K07.avi,23,268,0,0,0
0X426N34G357LZ1K07.avi,24,287,0,0,0
0X426N34G357LZ1K07.avi,25,387,0,0,0
0X426N34G357LZ1K07.avi,26,554,0,0,0
0X426N34G357LZ1K07.avi,27,493,0,0,0
0X426N34G357LZ1K07.avi,28,593,0,0,0
0X426N34G357LZ1K07.avi,29,653,0,0,0
0X426N34G357LZ1K07.avi,30,596,0,0,0
0X426N34G357LZ1K07.avi,31,473,0,0,0
0X426N34G357LZ1K07.avi,32,568,0,0,0
0X426N34G357LZ1K07.avi,33,476,0,0,0
0X426N34G357LZ1K07.avi,34,620,0,0,0
0X426N34G357LZ1K07.avi,35,564,0,0,0
0X426N34G357LZ1K07.avi,36,497,0,0,0
0X426N34G357LZ1K07.avi,37,491,0,0,0
0X426N34G357LZ1K07.avi,38,396,0,0,1
0X426N34G357LZ1K07.avi,39,551,0,0,0
0X426N34G357LZ1K07.avi,40,575,0,0,0
0X426N34G357LZ1K07.avi,41,646,0,0,0
0X426N34G357LZ1K07.avi,42,531,0,0,0
0X426N34G357LZ1K07.avi,43,727,0,0,0
0X426N34G357LZ1K07.avi,44,630,0,0,0
0X426N34G357LZ1K07.avi,45,730,0,0,0
0X426N34G357LZ1K07.avi,46,677,0,0,0
0X426N34G357LZ1K07.avi,47,612,0,0,0
0X426N34G357LZ1K07.avi,48,567,0,0,0
0X426N34G357LZ1K07.avi,49,638,0,0,0
0X426N34G357LZ1K07.avi,50,609,0,0,0
0X426N34G357LZ1K07.avi,51,603,0,0,0
0X426N34G357LZ1K07.avi,52,531,0,0,0
0X426N34G357LZ1K07.avi,53,539,0,0,0
0X426N34G357LZ1K07.avi,54,514,0,0,0
0X426N34G357LZ1K07.avi,55,528,0,0,0
0X426N34G357LZ1K07.avi,56,493,0,0,0
0X426N34G357LZ1K07.avi,57,504,0,0,0
0X426N34G357LZ1K07.avi,58,413,0,0,0
0X426N34G357LZ1K07.avi,59,317,0,0,0
0X426N34G357LZ1K07.avi,60,376,0,0,0
0X426N34G357LZ1K07.avi,61,412,0,0,0
0X426N34G357LZ1K07.avi,62,246,0,0,0
0X426N34G357LZ1K07.avi,63,222,0,0,0
0X426N34G357LZ1K07.avi,64,215,0,0,0
0X426N34G357LZ1K07.avi,65,214,0,0,1
0X426N34G357LZ1K07.avi,66,248,0,0,0
0X426N34G357LZ1K07.avi,67,279,0,0,0
0X426N34G357LZ1K07.avi,68,362,0,0,0
0X426N34G357LZ1K07.avi,69,417,0,0,0
0X426N34G357LZ1K07.avi,70,413,0,0,0
0X426N34G357LZ1K07.avi,71,499,0,0,0
0X426N34G357LZ1K07.avi,72,603,0,0,0
0X426N34G357LZ1K07.avi,73,710,0,0,0
0X426N34G357LZ1K07.avi,74,754,0,0,0
0X426N34G357LZ1K07.avi,75,608,0,0,0
0X426N34G357LZ1K07.avi,76,463,0,0,0
0X426N34G357LZ1K07.avi,77,482,0,0,0
0X426N34G357LZ1K07.avi,78,480,0,0,0
0X426N34G357LZ1K07.avi,79,556,0,0,0
0X426N34G357LZ1K07.avi,80,501,0,0,0
0X426N34G357LZ1K07.avi,81,505,0,0,0
0X426N34G357LZ1K07.avi,82,483,0,0,0
0X426N34G357LZ1K07.avi,83,443,0,0,0
0X426N34G357LZ1K07.avi,84,454,0,0,0
0X426N34G357LZ1K07.avi,85,639,0,0,0
0X426N34G357LZ1K07.avi,86,724,0,0,0
0X426N34G357LZ1K07.avi,87,731,0,0,0
0X426N34G357LZ1K07.avi,88,629,0,0,0
0XXRXDPY3M08K9W1A4.avi,0,427,0,0,0
0XXRXDPY3M08K9W1A4.avi,1,471,0,0,0
0XXRXDPY3M08K9W1A4.avi,2,497,0,0,0
0XXRXDPY3M08K9W1A4.avi,3,434,0,0,0
0XXRXDPY3M08K9W1A4.avi,4,409,0,0,0
0XXRXDPY3M08K9W1A4.avi,5,584,0,0,0
0XXRXDPY3M08K9W1A4.avi,6,638,0,0,0
0XXRXDPY3M08K9W1A4.avi,7,655,0,0,0
0XXRXDPY3M08K9W1A4.avi,8,678,0,0,0
0XXRXDPY3M08K9W1A4.avi,9,651,0,0,0
0XXRXDPY3M08K9W1A4.avi,10,690,0,0,0
0XXRXDPY3M08K9W1A4.avi,11,694,0,0,0
0XXRXDPY3M08K9W1A4.avi,12,724,0,0,0
0XXRXDPY3M08K9W1A4.avi,13,709,0,0,0
0XXRXDPY3M08K9W1A4.avi,14,718,0,0,0
0XXRXDPY3M08K9W1A4.avi,15,701,0,0,0
0XXRXDPY3M08K9W1A4.avi,16,720,0,0,0
0XXRXDPY3M08K9W1A4.avi,17,665,0,0,0
0XXRXDPY3M08K9W1A4.avi,18,675,0,0,0
0XXRXDPY3M08K9W1A4.avi,19,655,0,0,0
0XXRXDPY3M08K9W1A4.avi,20,652,0,0,0
0XXRXDPY3M08K9W1A4.avi,21,642,0,0,0
0XXRXDPY3M08K9W1A4.avi,22,667,0,0,0
0XXRXDPY3M08K9W1A4.avi,23,660,0,0,0
0XXRXDPY3M08K9W1A4.avi,24,752,0,0,0
0XXRXDPY3M08K9W1A4.avi,25,708,0,0,0
0XXRXDPY3M08K9W1A4.avi,26,758,0,0,0
0XXRXDPY3M08K9W1A4.avi,27,769,0,0,0
0XXRXDPY3M08K9W1A4.avi,28,763,0,0,0
0XXRXDPY3M08K9W1A4.avi,29,744,0,0,0
0XXRXDPY3M08K9W1A4.avi,30,678,0,0,0
0XXRXDPY3M08K9W1A4.avi,31,689,0,0,0
0XXRXDPY3M08K9W1A4.avi,32,648,0,0,0
0XXRXDPY3M08K9W1A4.avi,33,654,0,0,0
0XXRXDPY3M08K9W1A4.avi,34,664,0,0,0
0XXRXDPY3M08K9W1A4.avi,35,685,0,0,0
0XXRXDPY3M08K9W1A4.avi,36,673,0,0,0
0XXRXDPY3M08K9W1A4.avi,37,688,0,0,0
0XXRXDPY3M08K9W1A4.avi,38,711,0,0,0
0XXRXDPY3M08K9W1A4.avi,39,686,0,0,0
0XXRXDPY3M08K9W1A4.avi,40,701,0,0,0
0XXRXDPY3M08K9W1A4.avi,41,659,0,0,0
0XXRXDPY3M08K9W1A4.avi,42,675,0,0,0
0XXRXDPY3M08K9W1A4.avi,43,526,0,0,0
0XXRXDPY3M08K9W1A4.avi,44,398,0,0,0
0XXRXDPY3M08K9W1A4.avi,45,406,0,0,0
0XXRXDPY3M08K9W1A4.avi,46,524,0,0,0
0XXRXDPY3M08K9W1A4.avi,47,473,0,0,0
0XXRXDPY3M08K9W1A4.avi,48,392,0,0,1
0XXRXDPY3M08K9W1A4.avi,49,553,0,0,0
0XXRXDPY3M08K9W1A4.avi,50,664,0,0,0
0XXRXDPY3M08K9W1A4.avi,51,606,0,0,0
0XXRXDPY3M08K9W1A4.avi,52,604,0,0,0
0XXRXDPY3M08K9W1A4.avi,53,630,0,0,0
0XXRXDPY3M08K9W1A4.avi,54,667,0,0,0
0XXRXDPY3M08K9W1A4.avi,55,669,0,0,0
0XXRXDPY3M08K9W1A4.avi,56,724,0,0,0
0XXRXDPY3M08K9W1A4.avi,57,737,0,0,0
0XXRXDPY3M08K9W1A4.avi,58,688,0,0,0
0XXRXDPY3M08K9W1A4.avi,59,722,0,0,0
0XXRXDPY3M08K9W1A4.avi,60,735,0,0,0
0XXRXDPY3M08K9W1A4.avi,61,691,0,0,0
0XXRXDPY3M08K9W1A4.avi,62,711,0,0,0
0XXRXDPY3M08K9W1A4.avi,63,686,0,0,0
0XXRXDPY3M08K9W1A4.avi,64,661,0,0,0
0XXRXDPY3M08K9W1A4.avi,65,666,0,0,0
0XXRXDPY3M08K9W1A4.avi,66,674,0,0,0
0XXRXDPY3M08K9W1A4.avi,67,700,0,0,0
0XXRXDPY3M08K9W1A4.avi,68,715,0,0,0
0XXRXDPY3M08K9W1A4.avi,69,703,0,0,0
0XXRXDPY3M08K9W1A4.avi,70,689,0,0,0
0XXRXDPY3M08K9W1A4.avi,71,738,0,0,0
0XXRXDPY3M08K9W1A4.avi,72,743,0,0,0
0XXRXDPY3M08K9W1A4.avi,73,744,0,0,0
0XXRXDPY3M08K9W1A4.avi,74,709,0,0,0
0XXRXDPY3M08K9W1A4.avi,75,669,0,0,0
0XXRXDPY3M08K9W1A4.avi,76,646,0,0,0
0XXRXDPY3M08K9W1A4.avi,77,649,0,0,0
0XXRXDPY3M08K9W1A4.avi,78,653,0,0,0
0XXRXDPY3M08K9W1A4.avi,79,654,0,0,0
0XXRXDPY3M08K9W1A4.avi,80,669,0,0,0
0XXRXDPY3M08K9W1A4.avi,81,693,0,0,0
0XXRXDPY3M08K9W1A4.avi,82,706,0,0,0
0XXRXDPY3M08K9W1A4.avi,83,689,0,0,0
0XXRXDPY3M08K9W1A4.avi,84,653,0,0,0
0XXRXDPY3M08K9W1A4.avi,85,701,0,0,0
0XXRXDPY3M08K9W1A4.avi,86,567,0,0,0
0XEU0XM5RHF4QSBCY9.avi,0,872,0,0,0
0XEU0XM5RHF4QSBCY9.avi,1,847,0,0,0
0XEU0XM5RHF4QSBCY9.avi,2,841,0,0,0
0XEU0XM5RHF4QSBCY9.avi,3,828,0,0,0
0XEU0XM5RHF4QSBCY9.avi,4,811,0,0,0
0XEU0XM5RHF4QSBCY9.avi,5,763,0,0,0
0XEU0XM5RHF4QSBCY9.avi,6,747,0,0,0
0XEU0XM5RHF4QSBCY9.avi,7,728,0,0,0
0XEU0XM5RHF4QSBCY9.avi,8,698,0,0,0
0XEU0XM5RHF4QSBCY9.avi,9,677,0,0,0
0XEU0XM5RHF4QSBCY9.avi,10,625,0,0,0
0XEU0XM5RHF4QSBCY9.avi,11,655,0,0,0
0XEU0XM5RHF4QSBCY9.avi,12,639,0,0,0
0XEU0XM5RHF4QSBCY9.avi,13,629,0,0,0
0XEU0XM5RHF4QSBCY9.avi,14,593,0,0,0
0XEU0XM5RHF4QSBCY9.avi,15,581,0,0,1
0XEU0XM5RHF4QSBCY9.avi,16,638,0,0,0
0XEU0XM5RHF4QSBCY9.avi,17,610,0,0,0
0XEU0XM5RHF4QSBCY9.avi,18,589,0,0,0
0XEU0XM5RHF4QSBCY9.avi,19,601,0,0,0
0XEU0XM5RHF4QSBCY9.avi,20,622,0,0,0
0XEU0XM5RHF4QSBCY9.avi,21,619,0,0,0
0XEU0XM5RHF4QSBCY9.avi,22,681,0,0,0
0XEU0XM5RHF4QSBCY9.avi,23,645,0,0,0
0XEU0XM5RHF4QSBCY9.avi,24,612,0,0,0
0XEU0XM5RHF4QSBCY9.avi,25,619,0,0,0
0XEU0XM5RHF4QSBCY9.avi,26,735,0,0,0
0XEU0XM5RHF4QSBCY9.avi,27,785,0,0,0
0XEU0XM5RHF4QSBCY9.avi,28,838,0,0,0
0XEU0XM5RHF4QSBCY9.avi,29,846,0,0,0
0XEU0XM5RHF4QSBCY9.avi,30,859,0,0,0
0XEU0XM5RHF4QSBCY9.avi,31,837,0,0,0
0XEU0XM5RHF4QSBCY9.avi,32,799,0,0,0
0XEU0XM5RHF4QSBCY9.avi,33,797,0,0,0
0XEU0XM5RHF4QSBCY9.avi,34,761,0,0,0
0XEU0XM5RHF4QSBCY9.avi,35,762,0,0,0
0XEU0XM5RHF4QSBCY9.avi,36,738,0,0,0
0XEU0XM5RHF4QSBCY9.avi,37,705,0,0,1
0XEU0XM5RHF4QSBCY9.avi,38,791,0,0,0
0XEU0XM5RHF4QSBCY9.avi,39,854,0,0,0
0XEU0XM5RHF4QSBCY9.avi,40,895,0,0,0
0XEU0XM5RHF4QSBCY9.avi,41,916,0,0,0
0XEU0XM5RHF4QSBCY9.avi,42,888,0,0,0
0XEU0XM5RHF4QSBCY9.avi,43,855,0,0,0
0XEU0XM5RHF4QSBCY9.avi,44,842,0,0,0
0XEU0XM5RHF4QSBCY9.avi,45,812,0,0,0
0XEU0XM5RHF4QSBCY9.avi,46,810,0,0,0
0XEU0XM5RHF4QSBCY9.avi,47,775,0,0,0
0XEU0XM5RHF4QSBCY9.avi,48,732,0,0,0
0XEU0XM5RHF4QSBCY9.avi,49,713,0,0,0
0XEU0XM5RHF4QSBCY9.avi,50,692,0,0,0
0XEU0XM5RHF4QSBCY9.avi,51,644,0,0,0
0XEU0XM5RHF4QSBCY9.avi,52,644,0,0,0
0XEU0XM5RHF4QSBCY9.avi,53,640,0,0,0
0XEU0XM5RHF4QSBCY9.avi,54,612,0,0,0
0XEU0XM5RHF4QSBCY9.avi,55,643,0,0,0
0XEU0XM5RHF4QSBCY9.avi,56,621,0,0,0
0XEU0XM5RHF4QSBCY9.avi,57,609,0,0,0
0XEU0XM5RHF4QSBCY9.avi,58,597,0,0,1
0XEU0XM5RHF4QSBCY9.avi,59,621,0,0,0
0XEU0XM5RHF4QSBCY9.avi,60,617,0,0,0
0XEU0XM5RHF4QSBCY9.avi,61,598,0,0,0
0XEU0XM5RHF4QSBCY9.avi,62,642,0,0,0
0XEU0XM5RHF4QSBCY9.avi,63,653,0,0,0
0XEU0XM5RHF4QSBCY9.avi,64,648,0,0,0
0XEU0XM5RHF4QSBCY9.avi,65,653,0,0,0
0XEU0XM5RHF4QSBCY9.avi,66,602,0,0,0
0XEU0XM5RHF4QSBCY9.avi,67,650,0,0,0
0XEU0XM5RHF4QSBCY9.avi,68,650,0,0,0
0XEU0XM5RHF4QSBCY9.avi,69,657,0,0,0
0XEU0XM5RHF4QSBCY9.avi,70,719,0,0,0
0XEU0XM5RHF4QSBCY9.avi,71,751,0,0,0
0XEU0XM5RHF4QSBCY9.avi,72,742,0,0,0
0XEU0XM5RHF4QSBCY9.avi,73,737,0,0,0
0XEU0XM5RHF4QSBCY9.avi,74,826,0,0,0
0XEU0XM5RHF4QSBCY9.avi,75,787,0,0,0
0XEU0XM5RHF4QSBCY9.avi,76,809,0,0,0
0XEU0XM5RHF4QSBCY9.avi,77,788,0,0,0
0XEU0XM5RHF4QSBCY9.avi,78,738,0,0,0
0XEU0XM5RHF4QSBCY9.avi,79,722,0,0,0
0XEU0XM5RHF4QSBCY9.avi,80,767,0,0,0
0XEU0XM5RHF4QSBCY9.avi,81,695,0,0,0
0XEU0XM5RHF4QSBCY9.avi,82,629,0,0,1
0XEU0XM5RHF4QSBCY9.avi,83,668,0,0,0
0XEU0XM5RHF4QSBCY9.avi,84,868,0,0,0
0XCF2NZ7G5FRB21BAV.avi,0,735,0,0,0
0XCF2NZ7G5FRB21BAV.avi,1,658,0,0,0
0XCF2NZ7G5FRB21BAV.avi,2,634,0,0,0
0XCF2NZ7G5FRB21BAV.avi,3,676,0,0,0
0XCF2NZ7G5FRB21BAV.avi,4,649,0,0,0
0XCF2NZ7G5FRB21BAV.avi,5,670,0,0,0
0XCF2NZ7G5FRB21BAV.avi,6,659,0,0,0
0XCF2NZ7G5FRB21BAV.avi,7,640,0,0,0
0XCF2NZ7G5FRB21BAV.avi,8,620,0,0,0
0XCF2NZ7G5FRB21BAV.avi,9,597,0,0,0
0XCF2NZ7G5FRB21BAV.avi,10,587,0,0,0
0XCF2NZ7G5FRB21BAV.avi,11,619,0,0,0
0XCF2NZ7G5FRB21BAV.avi,12,599,0,0,0
0XCF2NZ7G5FRB21BAV.avi,13,574,0,0,0
0XCF2NZ7G5FRB21BAV.avi,14,578,0,0,0
0XCF2NZ7G5FRB21BAV.avi,15,595,0,0,0
0XCF2NZ7G5FRB21BAV.avi,16,581,0,0,0
0XCF2NZ7G5FRB21BAV.avi,17,557,0,0,0
0XCF2NZ7G5FRB21BAV.avi,18,566,0,0,0
0XCF2NZ7G5FRB21BAV.avi,19,550,0,0,0
0XCF2NZ7G5FRB21BAV.avi,20,528,0,0,0
0XCF2NZ7G5FRB21BAV.avi,21,527,0,0,0
0XCF2NZ7G5FRB21BAV.avi,22,457,0,0,1
0XCF2NZ7G5FRB21BAV.avi,23,536,0,0,0
0XCF2NZ7G5FRB21BAV.avi,24,820,0,0,0
0XCF2NZ7G5FRB21BAV.avi,25,642,0,0,0
0XCF2NZ7G5FRB21BAV.avi,26,619,0,0,0
0XCF2NZ7G5FRB21BAV.avi,27,601,0,0,0
0XCF2NZ7G5FRB21BAV.avi,28,552,0,0,0
0XCF2NZ7G5FRB21BAV.avi,29,729,0,0,0
0XCF2NZ7G5FRB21BAV.avi,30,1005,0,0,0
0XCF2NZ7G5FRB21BAV.avi,31,608,0,0,0
0XCF2NZ7G5FRB21BAV.avi,32,581,0,0,0
0XCF2NZ7G5FRB21BAV.avi,33,556,0,0,0
0XCF2NZ7G5FRB21BAV.avi,34,546,0,0,0
0XCF2NZ7G5FRB21BAV.avi,35,554,0,0,0
0XCF2NZ7G5FRB21BAV.avi,36,510,0,0,0
0XCF2NZ7G5FRB21BAV.avi,37,472,0,0,0
0XCF2NZ7G5FRB21BAV.avi,38,552,0,0,0
0XCF2NZ7G5FRB21BAV.avi,39,549,0,0,0
0XCF2NZ7G5FRB21BAV.avi,40,583,0,0,0
0XCF2NZ7G5FRB21BAV.avi,41,387,0,0,0
0XCF2NZ7G5FRB21BAV.avi,42,304,0,0,0
0XCF2NZ7G5FRB21BAV.avi,43,332,0,0,0
0XCF2NZ7G5FRB21BAV.avi,44,373,0,0,0
0XCF2NZ7G5FRB21BAV.avi,45,492,0,0,0
0XCF2NZ7G5FRB21BAV.avi,46,481,0,0,0
0XCF2NZ7G5FRB21BAV.avi,47,515,0,0,0
0XCF2NZ7G5FRB21BAV.avi,48,408,0,0,0
0XCF2NZ7G5FRB21BAV.avi,49,509,0,0,0
0XCF2NZ7G5FRB21BAV.avi,50,432,0,0,0
0XCF2NZ7G5FRB21BAV.avi,51,258,0,0,1
0XCF2NZ7G5FRB21BAV.avi,52,454,0,0,0
0XCF2NZ7G5FRB21BAV.avi,53,689,0,0,0
0XCF2NZ7G5FRB21BAV.avi,54,1321,0,0,0
0XCF2NZ7G5FRB21BAV.avi,55,1559,0,0,0
0XCF2NZ7G5FRB21BAV.avi,56,1520,0,0,0
0XCF2NZ7G5FRB21BAV.avi,57,1570,0,0,0
0XCF2NZ7G5FRB21BAV.avi,58,1453,0,0,0
0XCF2NZ7G5FRB21BAV.avi,59,1480,0,0,0
0XCF2NZ7G5FRB21BAV.avi,60,1489,0,0,0
0XCF2NZ7G5FRB21BAV.avi,61,1451,0,0,0
0XCF2NZ7G5FRB21BAV.avi,62,1084,0,0,0
0XCF2NZ7G5FRB21BAV.avi,63,1027,0,0,0
0XCF2NZ7G5FRB21BAV.avi,64,960,0,0,0
0XCF2NZ7G5FRB21BAV.avi,65,1083,0,0,0
0XCF2NZ7G5FRB21BAV.avi,66,1034,0,0,0
0XCF2NZ7G5FRB21BAV.avi,67,1014,0,0,0
0XCF2NZ7G5FRB21BAV.avi,68,1287,0,0,0
0XCF2NZ7G5FRB21BAV.avi,69,1315,0,0,0
0XCF2NZ7G5FRB21BAV.avi,70,672,0,0,0
0XCF2NZ7G5FRB21BAV.avi,71,496,0,0,0
0XCF2NZ7G5FRB21BAV.avi,72,515,0,0,0
0XCF2NZ7G5FRB21BAV.avi,73,522,0,0,0
0XCF2NZ7G5FRB21BAV.avi,74,544,0,0,0
0XCF2NZ7G5FRB21BAV.avi,75,555,0,0,0
0XCF2NZ7G5FRB21BAV.avi,76,572,0,0,0
0XCF2NZ7G5FRB21BAV.avi,77,560,0,0,0
0XCF2NZ7G5FRB21BAV.avi,78,550,0,0,0
0XCF2NZ7G5FRB21BAV.avi,79,555,0,0,0
0XCF2NZ7G5FRB21BAV.avi,80,540,0,0,0
0XCF2NZ7G5FRB21BAV.avi,81,562,0,0,0
0XCF2NZ7G5FRB21BAV.avi,82,579,0,0,0
0XCF2NZ7G5FRB21BAV.avi,83,613,0,0,0
0XCF2NZ7G5FRB21BAV.avi,84,595,0,0,0
0XCF2NZ7G5FRB21BAV.avi,85,679,0,0,0
0XCF2NZ7G5FRB21BAV.avi,86,678,0,0,0
0XCF2NZ7G5FRB21BAV.avi,87,724,0,0,0
0X5UB64S74NYDMOA1Z.avi,0,958,0,0,0
0X5UB64S74NYDMOA1Z.avi,1,991,0,0,0
0X5UB64S74NYDMOA1Z.avi,2,1001,0,0,0
0X5UB64S74NYDMOA1Z.avi,3,1003,0,0,0
0X5UB64S74NYDMOA1Z.avi,4,1050,0,0,0
0X5UB64S74NYDMOA1Z.avi,5,1050,0,0,0
0X5UB64S74NYDMOA1Z.avi,6,1076,0,0,0
0X5UB64S74NYDMOA1Z.avi,7,1050,0,0,0
0X5UB64S74NYDMOA1Z.avi,8,955,0,0,0
0X5UB64S74NYDMOA1Z.avi,9,1012,0,0,0
0X5UB64S74NYDMOA1Z.avi,10,983,0,0,0
0X5UB64S74NYDMOA1Z.avi,11,959,0,0,0
0X5UB64S74NYDMOA1Z.avi,12,920,0,0,0
0X5UB64S74NYDMOA1Z.avi,13,940,0,0,0
0X5UB64S74NYDMOA1Z.avi,14,969,0,0,0
0X5UB64S74NYDMOA1Z.avi,15,910,0,0,0
0X5UB64S74NYDMOA1Z.avi,16,988,0,0,0
0X5UB64S74NYDMOA1Z.avi,17,932,0,0,0
0X5UB64S74NYDMOA1Z.avi,18,912,0,0,0
0X5UB64S74NYDMOA1Z.avi,19,902,0,0,0
0X5UB64S74NYDMOA1Z.avi,20,910,0,0,0
0X5UB64S74NYDMOA1Z.avi,21,941,0,0,0
0X5UB64S74NYDMOA1Z.avi,22,969,0,0,0
0X5UB64S74NYDMOA1Z.avi,23,974,0,0,0
0X5UB64S74NYDMOA1Z.avi,24,1022,0,0,0
0X5UB64S74NYDMOA1Z.avi,25,919,0,0,0
0X5UB64S74NYDMOA1Z.avi,26,759,0,0,1
0X5UB64S74NYDMOA1Z.avi,27,850,0,0,0
0X5UB64S74NYDMOA1Z.avi,28,932,0,0,0
0X5UB64S74NYDMOA1Z.avi,29,896,0,0,0
0X5UB64S74NYDMOA1Z.avi,30,933,0,0,0
0X5UB64S74NYDMOA1Z.avi,31,939,0,0,0
0X5UB64S74NYDMOA1Z.avi,32,981,0,0,0
0X5UB64S74NYDMOA1Z.avi,33,982,0,0,0
0X5UB64S74NYDMOA1Z.avi,34,989,0,0,0
0X5UB64S74NYDMOA1Z.avi,35,944,0,0,0
0X5UB64S74NYDMOA1Z.avi,36,1038,0,0,0
0X5UB64S74NYDMOA1Z.avi,37,1014,0,0,0
0X5UB64S74NYDMOA1Z.avi,38,1062,0,0,0
0X5UB64S74NYDMOA1Z.avi,39,1011,0,0,0
0X5UB64S74NYDMOA1Z.avi,40,1097,0,0,0
0X5UB64S74NYDMOA1Z.avi,41,1083,0,0,0
0X5UB64S74NYDMOA1Z.avi,42,1135,0,0,0
0X5UB64S74NYDMOA1Z.avi,43,1151,0,0,0
0X5UB64S74NYDMOA1Z.avi,44,1107,0,0,0
0X5UB64S74NYDMOA1Z.avi,45,1143,0,0,0
0X5UB64S74NYDMOA1Z.avi,46,1187,0,0,0
0X5UB64S74NYDMOA1Z.avi,47,1167,0,0,0
0X5UB64S74NYDMOA1Z.avi,48,1153,0,0,0
0X5UB64S74NYDMOA1Z.avi,49,1067,0,0,0
0X5UB64S74NYDMOA1Z.avi,50,1054,0,0,0
0X5UB64S74NYDMOA1Z.avi,51,1009,0,0,0
0X5UB64S74NYDMOA1Z.avi,52,1001,0,0,0
0X5UB64S74NYDMOA1Z.avi,53,1065,0,0,0
0X5UB64S74NYDMOA1Z.avi,54,1003,0,0,0
0X5UB64S74NYDMOA1Z.avi,55,1083,0,0,0
0X5UB64S74NYDMOA1Z.avi,56,993,0,0,0
0X5UB64S74NYDMOA1Z.avi,57,1039,0,0,0
0X5UB64S74NYDMOA1Z.avi,58,1040,0,0,0
0X5UB64S74NYDMOA1Z.avi,59,1028,0,0,0
0X5UB64S74NYDMOA1Z.avi,60,935,0,0,0
0X5UB64S74NYDMOA1Z.avi,61,970,0,0,0
0X5UB64S74NYDMOA1Z.avi,62,945,0,0,0
0X5UB64S74NYDMOA1Z.avi,63,880,0,0,0
0X5UB64S74NYDMOA1Z.avi,64,904,0,0,0
0X5UB64S74NYDMOA1Z.avi,65,879,0,0,0
0X5UB64S74NYDMOA1Z.avi,66,816,0,0,0
0X5UB64S74NYDMOA1Z.avi,67,872,0,0,0
0X5UB64S74NYDMOA1Z.avi,68,808,0,0,0
0X5UB64S74NYDMOA1Z.avi,69,824,0,0,0
0X5UB64S74NYDMOA1Z.avi,70,731,0,0,1
0X5UB64S74NYDMOA1Z.avi,71,751,0,0,0
0X5UB64S74NYDMOA1Z.avi,72,902,0,0,0
0X5UB64S74NYDMOA1Z.avi,73,897,0,0,0
0X5UB64S74NYDMOA1Z.avi,74,862,0,0,0
0X5UB64S74NYDMOA1Z.avi,75,917,0,0,0
0X5UB64S74NYDMOA1Z.avi,76,999,0,0,0
0X5UB64S74NYDMOA1Z.avi,77,979,0,0,0
0X5UB64S74NYDMOA1Z.avi,78,976,0,0,0
0X5UB64S74NYDMOA1Z.avi,79,923,0,0,0
0X5UB64S74NYDMOA1Z.avi,80,944,0,0,0
0X5UB64S74NYDMOA1Z.avi,81,921,0,0,0
0X5UB64S74NYDMOA1Z.avi,82,881,0,0,0
0X5UB64S74NYDMOA1Z.avi,83,864,0,0,0
0X5UB64S74NYDMOA1Z.avi,84,857,0,0,0
0X5UB64S74NYDMOA1Z.avi,85,937,0,0,0
0X5UB64S74NYDMOA1Z.avi,86,935,0,0,0
0X5UB64S74NYDMOA1Z.avi,87,931,0,0,0
0XW4U5M9TW18BPO8KV.avi,0,446,0,0,0
0XW4U5M9TW18BPO8KV.avi,1,526,0,0,0
0XW4U5M9TW18BPO8KV.avi,2,693,0,0,0
0XW4U5M9TW18BPO8KV.avi,3,813,0,0,0
0XW4U5M9TW18BPO8KV.avi,4,839,0,0,0
0XW4U5M9TW18BPO8KV.avi,5,704,0,0,0
0XW4U5M9TW18BPO8KV.avi,6,628,0,0,0
0XW4U5M9TW18BPO8KV.avi,7,716,0,0,0
0XW4U5M9TW18BPO8KV.avi,8,788,0,0,0
0XW4U5M9TW18BPO8KV.avi,9,656,0,0,0
0XW4U5M9TW18BPO8KV.avi,10,997,0,0,0
0XW4U5M9TW18BPO8KV.avi,11,1015,0,0,0
0XW4U5M9TW18BPO8KV.avi,12,989,0,0,0
0XW4U5M9TW18BPO8KV.avi,13,936,0,0,0
0XW4U5M9TW18BPO8KV.avi,14,914,0,0,0
0XW4U5M9TW18BPO8KV.avi,15,892,0,0,0
0XW4U5M9TW18BPO8KV.avi,16,852,0,0,0
0XW4U5M9TW18BPO8KV.avi,17,878,0,0,0
0XW4U5M9TW18BPO8KV.avi,18,813,0,0,0
0XW4U5M9TW18BPO8KV.avi,19,884,0,0,0
0XW4U5M9TW18BPO8KV.avi,20,683,0,0,0
0XW4U5M9TW18BPO8KV.avi,21,826,0,0,0
0XW4U5M9TW18BPO8KV.avi,22,789,0,0,0
0XW4U5M9TW18BPO8KV.avi,23,648,0,0,0
0XW4U5M9TW18BPO8KV.avi,24,742,0,0,0
0XW4U5M9TW18BPO8KV.avi,25,734,0,0,0
0XW4U5M9TW18BPO8KV.avi,26,783,0,0,0
0XW4U5M9TW18BPO8KV.avi,27,873,0,0,0
0XW4U5M9TW18BPO8KV.avi,28,986,0,0,0
0XW4U5M9TW18BPO8KV.avi,29,960,0,0,0
0XW4U5M9TW18BPO8KV.avi,30,1022,0,0,0
0XW4U5M9TW18BPO8KV.avi,31,781,0,0,0
0XW4U5M9TW18BPO8KV.avi,32,967,0,0,0
0XW4U5M9TW18BPO8KV.avi,33,1033,0,0,0
0XW4U5M9TW18BPO8KV.avi,34,1060,0,0,0
0XW4U5M9TW18BPO8KV.avi,35,999,0,0,0
0XW4U5M9TW18BPO8KV.avi,36,1045,0,0,0
0XW4U5M9TW18BPO8KV.avi,37,954,0,0,0
0XW4U5M9TW18BPO8KV.avi,38,958,0,0,0
0XW4U5M9TW18BPO8KV.avi,39,1094,0,0,0
0XW4U5M9TW18BPO8KV.avi,40,1149,0,0,0
0XW4U5M9TW18BPO8KV.avi,41,1051,0,0,0
0XW4U5M9TW18BPO8KV.avi,42,979,0,0,0
0XW4U5M9TW18BPO8KV.avi,43,933,0,0,0
0XW4U5M9TW18BPO8KV.avi,44,844,0,0,0
0XW4U5M9TW18BPO8KV.avi,45,1047,0,0,0
0XW4U5M9TW18BPO8KV.avi,46,1010,0,0,0
0XW4U5M9TW18BPO8KV.avi,47,993,0,0,0
0XW4U5M9TW18BPO8KV.avi,48,919,0,0,0
0XW4U5M9TW18BPO8KV.avi,49,856,0,0,0
0XW4U5M9TW18BPO8KV.avi,50,880,0,0,0
0XW4U5M9TW18BPO8KV.avi,51,821,0,0,0
0XW4U5M9TW18BPO8KV.avi,52,796,0,0,0
0XW4U5M9TW18BPO8KV.avi,53,310,0,0,0
0XW4U5M9TW18BPO8KV.avi,54,744,0,0,0
0XW4U5M9TW18BPO8KV.avi,55,429,0,0,0
0XW4U5M9TW18BPO8KV.avi,56,538,0,0,0
0XW4U5M9TW18BPO8KV.avi,57,296,0,0,0
0XW4U5M9TW18BPO8KV.avi,58,450,0,0,0
0XW4U5M9TW18BPO8KV.avi,59,522,0,0,0
0XW4U5M9TW18BPO8KV.avi,60,324,0,0,0
0XW4U5M9TW18BPO8KV.avi,61,292,0,0,0
0XW4U5M9TW18BPO8KV.avi,62,222,0,0,1
0XW4U5M9TW18BPO8KV.avi,63,239,0,0,0
0XW4U5M9TW18BPO8KV.avi,64,895,0,0,0
0XW4U5M9TW18BPO8KV.avi,65,800,0,0,0
0XW4U5M9TW18BPO8KV.avi,66,955,0,0,0
0XW4U5M9TW18BPO8KV.avi,67,1194,0,0,0
0XW4U5M9TW18BPO8KV.avi,68,1201,0,0,0
0XW4U5M9TW18BPO8KV.avi,69,1164,0,0,0
0XW4U5M9TW18BPO8KV.avi,70,1161,0,0,0
0XW4U5M9TW18BPO8KV.avi,71,919,0,0,0
0XW4U5M9TW18BPO8KV.avi,72,935,0,0,0
0XW4U5M9TW18BPO8KV.avi,73,1120,0,0,0
0XW4U5M9TW18BPO8KV.avi,74,1137,0,0,0
0XW4U5M9TW18BPO8KV.avi,75,1115,0,0,0
0XW4U5M9TW18BPO8KV.avi,76,993,0,0,0
0XW4U5M9TW18BPO8KV.avi,77,1027,0,0,0
0XW4U5M9TW18BPO8KV.avi,78,891,0,0,0
0XW4U5M9TW18BPO8KV.avi,79,710,0,0,0
0XW4U5M9TW18BPO8KV.avi,80,850,0,0,0
0XW4U5M9TW18BPO8KV.avi,81,795,0,0,0
0XW4U5M9TW18BPO8KV.avi,82,917,0,0,0
0XW4U5M9TW18BPO8KV.avi,83,1177,0,0,0
0XW4U5M9TW18BPO8KV.avi,84,968,0,0,0
0XW4U5M9TW18BPO8KV.avi,85,947,0,0,0
0XNE827V3SVOAG2OEF.avi,0,985,0,0,0
0XNE827V3SVOAG2OEF.avi,1,1010,0,0,0
0XNE827V3SVOAG2OEF.avi,2,1018,0,0,0
0XNE827V3SVOAG2OEF.avi,3,954,0,0,0
0XNE827V3SVOAG2OEF.avi,4,950,0,0,0
0XNE827V3SVOAG2OEF.avi,5,899,0,0,0
0XNE827V3SVOAG2OEF.avi,6,827,0,0,0
0XNE827V3SVOAG2OEF.avi,7,796,0,0,0
0XNE827V3SVOAG2OEF.avi,8,718,0,0,0
0XNE827V3SVOAG2OEF.avi,9,654,0,0,0
0XNE827V3SVOAG2OEF.avi,10,609,0,0,0
0XNE827V3SVOAG2OEF.avi,11,634,0,0,0
0XNE827V3SVOAG2OEF.avi,12,642,0,0,0
0XNE827V3SVOAG2OEF.avi,13,627,0,0,0
0XNE827V3SVOAG2OEF.avi,14,601,0,0,0
0XNE827V3SVOAG2OEF.avi,15,576,0,0,0
0XNE827V3SVOAG2OEF.avi,16,561,0,0,0
0XNE827V3SVOAG2OEF.avi,17,667,0,0,0
0XNE827V3SVOAG2OEF.avi,18,610,0,0,0
0XNE827V3SVOAG2OEF.avi,19,638,0,0,0
0XNE827V3SVOAG2OEF.avi,20,636,0,0,0
0XNE827V3SVOAG2OEF.avi,21,654,0,0,0
0XNE827V3SVOAG2OEF.avi,22,667,0,0,0
0XNE827V3SVOAG2OEF.avi,23,606,0,0,0
0XNE827V3SVOAG2OEF.avi,24,709,0,0,0
0XNE827V3SVOAG2OEF.avi,25,631,0,0,0
0XNE827V3SVOAG2OEF.avi,26,537,0,0,0
0XNE827V3SVOAG2OEF.avi,27,579,0,0,0
0XNE827V3SVOAG2OEF.avi,28,528,0,0,0
0XNE827V3SVOAG2OEF.avi,29,571,0,0,0
0XNE827V3SVOAG2OEF.avi,30,560,0,0,0
0XNE827V3SVOAG2OEF.avi,31,531,0,0,0
0XNE827V3SVOAG2OEF.avi,32,528,0,0,0
0XNE827V3SVOAG2OEF.avi,33,558,0,0,0
0XNE827V3SVOAG2OEF.avi,34,576,0,0,0
0XNE827V3SVOAG2OEF.avi,35,611,0,0,0
0XNE827V3SVOAG2OEF.avi,36,599,0,0,0
0XNE827V3SVOAG2OEF.avi,37,565,0,0,0
0XNE827V3SVOAG2OEF.avi,38,581,0,0,0
0XNE827V3SVOAG2OEF.avi,39,635,0,0,0
0XNE827V3SVOAG2OEF.avi,40,571,0,0,0
0XNE827V3SVOAG2OEF.avi,41,554,0,0,0
0XNE827V3SVOAG2OEF.avi,42,620,0,0,0
0XNE827V3SVOAG2OEF.avi,43,624,0,0,0
0XNE827V3SVOAG2OEF.avi,44,640,0,0,0
0XNE827V3SVOAG2OEF.avi,45,585,0,0,0
0XNE827V3SVOAG2OEF.avi,46,552,0,0,0
0XNE827V3SVOAG2OEF.avi,47,584,0,0,0
0XNE827V3SVOAG2OEF.avi,48,538,0,0,0
0XNE827V3SVOAG2OEF.avi,49,533,0,0,0
0XNE827V3SVOAG2OEF.avi,50,408,0,0,0
0XNE827V3SVOAG2OEF.avi,51,402,0,0,0
0XNE827V3SVOAG2OEF.avi,52,358,0,0,1
0XNE827V3SVOAG2OEF.avi,53,358,0,0,0
0XNE827V3SVOAG2OEF.avi,54,397,0,0,0
0XNE827V3SVOAG2OEF.avi,55,419,0,0,0
0XNE827V3SVOAG2OEF.avi,56,393,0,0,0
0XNE827V3SVOAG2OEF.avi,57,431,0,0,0
0XNE827V3SVOAG2OEF.avi,58,495,0,0,0
0XNE827V3SVOAG2OEF.avi,59,438,0,0,0
0XNE827V3SVOAG2OEF.avi,60,511,0,0,0
0XNE827V3SVOAG2OEF.avi,61,565,0,0,0
0XNE827V3SVOAG2OEF.avi,62,638,0,0,0
0XNE827V3SVOAG2OEF.avi,63,602,0,0,0
0XNE827V3SVOAG2OEF.avi,64,601,0,0,0
0XNE827V3SVOAG2OEF.avi,65,643,0,0,0
0XNE827V3SVOAG2OEF.avi,66,609,0,0,0
0XNE827V3SVOAG2OEF.avi,67,596,0,0,0
0XNE827V3SVOAG2OEF.avi,68,557,0,0,0
0XNE827V3SVOAG2OEF.avi,69,551,0,0,0
0XNE827V3SVOAG2OEF.avi,70,552,0,0,0
0XNE827V3SVOAG2OEF.avi,71,482,0,0,0
0XNE827V3SVOAG2OEF.avi,72,433,0,0,1
0XNE827V3SVOAG2OEF.avi,73,518,0,0,0
0XNE827V3SVOAG2OEF.avi,74,540,0,0,0
0XNE827V3SVOAG2OEF.avi,75,530,0,0,0
0XNE827V3SVOAG2OEF.avi,76,606,0,0,0
0XNE827V3SVOAG2OEF.avi,77,570,0,0,0
0XNE827V3SVOAG2OEF.avi,78,608,0,0,0
0XNE827V3SVOAG2OEF.avi,79,702,0,0,0
0XNE827V3SVOAG2OEF.avi,80,757,0,0,0
0XNE827V3SVOAG2OEF.avi,81,680,0,0,0
0XNE827V3SVOAG2OEF.avi,82,702,0,0,0
0XNE827V3SVOAG2OEF.avi,83,818,0,0,0
0XNE827V3SVOAG2OEF.avi,84,853,0,0,0
0XVLD4MHTGROGZ4WO7.avi,0,407,0,0,0
0XVLD4MHTGROGZ4WO7.avi,1,273,0,0,0
0XVLD4MHTGROGZ4WO7.avi,2,234,0,0,0
0XVLD4MHTGROGZ4WO7.avi,3,174,0,0,0
0XVLD4MHTGROGZ4WO7.avi,4,381,0,0,0
0XVLD4MHTGROGZ4WO7.avi,5,360,0,0,0
0XVLD4MHTGROGZ4WO7.avi,6,361,0,0,0
0XVLD4MHTGROGZ4WO7.avi,7,301,0,0,0
0XVLD4MHTGROGZ4WO7.avi,8,189,0,0,0
0XVLD4MHTGROGZ4WO7.avi,9,294,0,0,0
0XVLD4MHTGROGZ4WO7.avi,10,271,0,0,0
0XVLD4MHTGROGZ4WO7.avi,11,230,0,0,0
0XVLD4MHTGROGZ4WO7.avi,12,255,0,0,0
0XVLD4MHTGROGZ4WO7.avi,13,256,0,0,0
0XVLD4MHTGROGZ4WO7.avi,14,225,0,0,0
0XVLD4MHTGROGZ4WO7.avi,15,289,0,0,0
0XVLD4MHTGROGZ4WO7.avi,16,255,0,0,0
0XVLD4MHTGROGZ4WO7.avi,17,277,0,0,0
0XVLD4MHTGROGZ4WO7.avi,18,230,0,0,0
0XVLD4MHTGROGZ4WO7.avi,19,194,0,0,0
0XVLD4MHTGROGZ4WO7.avi,20,173,0,0,1
0XVLD4MHTGROGZ4WO7.avi,21,252,0,0,0
0XVLD4MHTGROGZ4WO7.avi,22,262,0,0,0
0XVLD4MHTGROGZ4WO7.avi,23,397,0,0,0
0XVLD4MHTGROGZ4WO7.avi,24,496,0,0,0
0XVLD4MHTGROGZ4WO7.avi,25,488,0,0,0
0XVLD4MHTGROGZ4WO7.avi,26,423,0,0,0
0XVLD4MHTGROGZ4WO7.avi,27,496,0,0,0
0XVLD4MHTGROGZ4WO7.avi,28,319,0,0,0
0XVLD4MHTGROGZ4WO7.avi,29,129,0,0,0
0XVLD4MHTGROGZ4WO7.avi,30,120,0,0,0
0XVLD4MHTGROGZ4WO7.avi,31,156,0,0,0
0XVLD4MHTGROGZ4WO7.avi,32,193,0,0,0
0XVLD4MHTGROGZ4WO7.avi,33,234,0,0,0
0XVLD4MHTGROGZ4WO7.avi,34,332,0,0,0
0XVLD4MHTGROGZ4WO7.avi,35,281,0,0,0
0XVLD4MHTGROGZ4WO7.avi,36,343,0,0,0
0XVLD4MHTGROGZ4WO7.avi,37,212,0,0,0
0XVLD4MHTGROGZ4WO7.avi,38,163,0,0,0
0XVLD4MHTGROGZ4WO7.avi,39,96,0,0,0
0XVLD4MHTGROGZ4WO7.avi,40,193,0,0,0
0XVLD4MHTGROGZ4WO7.avi,41,174,0,0,0
0XVLD4MHTGROGZ4WO7.avi,42,141,0,0,0
0XVLD4MHTGROGZ4WO7.avi,43,156,0,0,0
0XVLD4MHTGROGZ4WO7.avi,44,135,0,0,0
0XVLD4MHTGROGZ4WO7.avi,45,132,0,0,0
0XVLD4MHTGROGZ4WO7.avi,46,71,0,0,0
0XVLD4MHTGROGZ4WO7.avi,47,111,0,0,0
0XVLD4MHTGROGZ4WO7.avi,48,66,0,0,1
0XVLD4MHTGROGZ4WO7.avi,49,259,0,0,0
0XVLD4MHTGROGZ4WO7.avi,50,67,0,0,0
0XVLD4MHTGROGZ4WO7.avi,51,243,0,0,0
0XVLD4MHTGROGZ4WO7.avi,52,253,0,0,0
0XVLD4MHTGROGZ4WO7.avi,53,323,0,0,0
0XVLD4MHTGROGZ4WO7.avi,54,336,0,0,0
0XVLD4MHTGROGZ4WO7.avi,55,128,0,0,0
0XVLD4MHTGROGZ4WO7.avi,56,282,0,0,0
0XVLD4MHTGROGZ4WO7.avi,57,248,0,0,0
0XVLD4MHTGROGZ4WO7.avi,58,206,0,0,0
0XVLD4MHTGROGZ4WO7.avi,59,301,0,0,0
0XVLD4MHTGROGZ4WO7.avi,60,404,0,0,0
0XVLD4MHTGROGZ4WO7.avi,61,452,0,0,0
0XVLD4MHTGROGZ4WO7.avi,62,510,0,0,0
0XVLD4MHTGROGZ4WO7.avi,63,522,0,0,0
0XVLD4MHTGROGZ4WO7.avi,64,503,0,0,0
0XVLD4MHTGROGZ4WO7.avi,65,491,0,0,0
0XVLD4MHTGROGZ4WO7.avi,66,533,0,0,0
0XVLD4MHTGROGZ4WO7.avi,67,374,0,0,0
0XVLD4MHTGROGZ4WO7.avi,68,422,0,0,0
0XVLD4MHTGROGZ4WO7.avi,69,353,0,0,0
0XVLD4MHTGROGZ4WO7.avi,70,183,0,0,0
0XVLD4MHTGROGZ4WO7.avi,71,98,0,0,0
0XVLD4MHTGROGZ4WO7.avi,72,0,0,0,1
0XVLD4MHTGROGZ4WO7.avi,73,87,0,0,0
0XVLD4MHTGROGZ4WO7.avi,74,118,0,0,0
0XVLD4MHTGROGZ4WO7.avi,75,122,0,0,0
0XVLD4MHTGROGZ4WO7.avi,76,188,0,0,0
0XVLD4MHTGROGZ4WO7.avi,77,148,0,0,0
0XVLD4MHTGROGZ4WO7.avi,78,144,0,0,0
0XVLD4MHTGROGZ4WO7.avi,79,199,0,0,0
0XVLD4MHTGROGZ4WO7.avi,80,127,0,0,0
0XVLD4MHTGROGZ4WO7.avi,81,163,0,0,0
0XVLD4MHTGROGZ4WO7.avi,82,269,0,0,0
0XVLD4MHTGROGZ4WO7.avi,83,261,0,0,0
0XVLD4MHTGROGZ4WO7.avi,84,385,0,0,0
0XQISJIVFUVU8VNQZO.avi,0,331,0,0,0
0XQISJIVFUVU8VNQZO.avi,1,279,0,0,0
0XQISJIVFUVU8VNQZO.avi,2,357,0,0,0
0XQISJIVFUVU8VNQZO.avi,3,347,0,0,0
0XQISJIVFUVU8VNQZO.avi,4,94,0,0,1
0XQISJIVFUVU8VNQZO.avi,5,405,0,0,0
0XQISJIVFUVU8VNQZO.avi,6,506,0,0,0
0XQISJIVFUVU8VNQZO.avi,7,316,0,0,0
0XQISJIVFUVU8VNQZO.avi,8,462,0,0,0
0XQISJIVFUVU8VNQZO.avi,9,468,0,0,0
0XQISJIVFUVU8VNQZO.avi,10,637,0,0,0
0XQISJIVFUVU8VNQZO.avi,11,710,0,0,0
0XQISJIVFUVU8VNQZO.avi,12,751,0,0,0
0XQISJIVFUVU8VNQZO.avi,13,749,0,0,0
0XQISJIVFUVU8VNQZO.avi,14,753,0,0,0
0XQISJIVFUVU8VNQZO.avi,15,808,0,0,0
0XQISJIVFUVU8VNQZO.avi,16,823,0,0,0
0XQISJIVFUVU8VNQZO.avi,17,791,0,0,0
0XQISJIVFUVU8VNQZO.avi,18,732,0,0,0
0XQISJIVFUVU8VNQZO.avi,19,492,0,0,0
0XQISJIVFUVU8VNQZO.avi,20,708,0,0,0
0XQISJIVFUVU8VNQZO.avi,21,636,0,0,0
0XQISJIVFUVU8VNQZO.avi,22,648,0,0,0
0XQISJIVFUVU8VNQZO.avi,23,443,0,0,0
0XQISJIVFUVU8VNQZO.avi,24,384,0,0,0
0XQISJIVFUVU8VNQZO.avi,25,577,0,0,0
0XQISJIVFUVU8VNQZO.avi,26,527,0,0,0
0XQISJIVFUVU8VNQZO.avi,27,530,0,0,0
0XQISJIVFUVU8VNQZO.avi,28,538,0,0,0
0XQISJIVFUVU8VNQZO.avi,29,429,0,0,0
0XQISJIVFUVU8VNQZO.avi,30,348,0,0,0
0XQISJIVFUVU8VNQZO.avi,31,339,0,0,0
0XQISJIVFUVU8VNQZO.avi,32,300,0,0,0
0XQISJIVFUVU8VNQZO.avi,33,351,0,0,0
0XQISJIVFUVU8VNQZO.avi,34,284,0,0,0
0XQISJIVFUVU8VNQZO.avi,35,362,0,0,0
0XQISJIVFUVU8VNQZO.avi,36,352,0,0,0
0XQISJIVFUVU8VNQZO.avi,37,395,0,0,0
0XQISJIVFUVU8VNQZO.avi,38,387,0,0,0
0XQISJIVFUVU8VNQZO.avi,39,278,0,0,0
0XQISJIVFUVU8VNQZO.avi,40,260,0,0,0
0XQISJIVFUVU8VNQZO.avi,41,253,0,0,1
0XQISJIVFUVU8VNQZO.avi,42,442,0,0,0
0XQISJIVFUVU8VNQZO.avi,43,474,0,0,0
0XQISJIVFUVU8VNQZO.avi,44,261,0,0,0
0XQISJIVFUVU8VNQZO.avi,45,278,0,0,0
0XQISJIVFUVU8VNQZO.avi,46,422,0,0,0
0XQISJIVFUVU8VNQZO.avi,47,376,0,0,0
0XQISJIVFUVU8VNQZO.avi,48,327,0,0,0
0XQISJIVFUVU8VNQZO.avi,49,457,0,0,0
0XQISJIVFUVU8VNQZO.avi,50,466,0,0,0
0XQISJIVFUVU8VNQZO.avi,51,680,0,0,0
0XQISJIVFUVU8VNQZO.avi,52,681,0,0,0
0XQISJIVFUVU8VNQZO.avi,53,635,0,0,0
0XQISJIVFUVU8VNQZO.avi,54,708,0,0,0
0XQISJIVFUVU8VNQZO.avi,55,701,0,0,0
0XQISJIVFUVU8VNQZO.avi,56,617,0,0,0
0XQISJIVFUVU8VNQZO.avi,57,542,0,0,0
0XQISJIVFUVU8VNQZO.avi,58,568,0,0,0
0XQISJIVFUVU8VNQZO.avi,59,576,0,0,0
0XQISJIVFUVU8VNQZO.avi,60,575,0,0,0
0XQISJIVFUVU8VNQZO.avi,61,673,0,0,0
0XQISJIVFUVU8VNQZO.avi,62,694,0,0,0
0XQISJIVFUVU8VNQZO.avi,63,628,0,0,0
0XQISJIVFUVU8VNQZO.avi,64,455,0,0,0
0XQISJIVFUVU8VNQZO.avi,65,397,0,0,0
0XQISJIVFUVU8VNQZO.avi,66,422,0,0,0
0XQISJIVFUVU8VNQZO.avi,67,412,0,0,0
0XQISJIVFUVU8VNQZO.avi,68,385,0,0,0
0XQISJIVFUVU8VNQZO.avi,69,348,0,0,0
0XQISJIVFUVU8VNQZO.avi,70,347,0,0,0
0XQISJIVFUVU8VNQZO.avi,71,362,0,0,0
0XQISJIVFUVU8VNQZO.avi,72,432,0,0,0
0XQISJIVFUVU8VNQZO.avi,73,438,0,0,0
0XQISJIVFUVU8VNQZO.avi,74,434,0,0,0
0XQISJIVFUVU8VNQZO.avi,75,460,0,0,0
0XQISJIVFUVU8VNQZO.avi,76,445,0,0,0
0XQISJIVFUVU8VNQZO.avi,77,451,0,0,0
0XQISJIVFUVU8VNQZO.avi,78,461,0,0,0
0XQISJIVFUVU8VNQZO.avi,79,444,0,0,0
0XQISJIVFUVU8VNQZO.avi,80,455,0,0,0
0XQISJIVFUVU8VNQZO.avi,81,456,0,0,0
0XQISJIVFUVU8VNQZO.avi,82,448,0,0,0
0XQISJIVFUVU8VNQZO.avi,83,415,0,0,0
0XQISJIVFUVU8VNQZO.avi,84,376,0,0,0
0XQISJIVFUVU8VNQZO.avi,85,324,0,0,0
0XQISJIVFUVU8VNQZO.avi,86,316,0,0,0
0XHZCU684OMP1MK6CJ.avi,0,986,0,0,0
0XHZCU684OMP1MK6CJ.avi,1,844,0,0,0
0XHZCU684OMP1MK6CJ.avi,2,834,0,0,0
0XHZCU684OMP1MK6CJ.avi,3,837,0,0,0
0XHZCU684OMP1MK6CJ.avi,4,525,0,0,0
0XHZCU684OMP1MK6CJ.avi,5,314,0,0,1
0XHZCU684OMP1MK6CJ.avi,6,444,0,0,0
0XHZCU684OMP1MK6CJ.avi,7,501,0,0,0
0XHZCU684OMP1MK6CJ.avi,8,673,0,0,0
0XHZCU684OMP1MK6CJ.avi,9,581,0,0,0
0XHZCU684OMP1MK6CJ.avi,10,601,0,0,0
0XHZCU684OMP1MK6CJ.avi,11,622,0,0,0
0XHZCU684OMP1MK6CJ.avi,12,707,0,0,0
0XHZCU684OMP1MK6CJ.avi,13,814,0,0,0
0XHZCU684OMP1MK6CJ.avi,14,651,0,0,0
0XHZCU684OMP1MK6CJ.avi,15,592,0,0,0
0XHZCU684OMP1MK6CJ.avi,16,633,0,0,0
0XHZCU684OMP1MK6CJ.avi,17,712,0,0,0
0XHZCU684OMP1MK6CJ.avi,18,823,0,0,0
0XHZCU684OMP1MK6CJ.avi,19,782,0,0,0
0XHZCU684OMP1MK6CJ.avi,20,884,0,0,0
0XHZCU684OMP1MK6CJ.avi,21,805,0,0,0
0XHZCU684OMP1MK6CJ.avi,22,929,0,0,0
0XHZCU684OMP1MK6CJ.avi,23,991,0,0,0
0XHZCU684OMP1MK6CJ.avi,24,1190,0,0,0
0XHZCU684OMP1MK6CJ.avi,25,1104,0,0,0
0XHZCU684OMP1MK6CJ.avi,26,961,0,0,0
0XHZCU684OMP1MK6CJ.avi,27,880,0,0,0
0XHZCU684OMP1MK6CJ.avi,28,1055,0,0,0
0XHZCU684OMP1MK6CJ.avi,29,959,0,0,0
0XHZCU684OMP1MK6CJ.avi,30,845,0,0,0
0XHZCU684OMP1MK6CJ.avi,31,1113,0,0,0
0XHZCU684OMP1MK6CJ.avi,32,1122,0,0,0
0XHZCU684OMP1MK6CJ.avi,33,1110,0,0,0
0XHZCU684OMP1MK6CJ.avi,34,1126,0,0,0
0XHZCU684OMP1MK6CJ.avi,35,974,0,0,0
0XHZCU684OMP1MK6CJ.avi,36,1142,0,0,0
0XHZCU684OMP1MK6CJ.avi,37,733,0,0,0
0XHZCU684OMP1MK6CJ.avi,38,681,0,0,0
0XHZCU684OMP1MK6CJ.avi,39,866,0,0,0
0XHZCU684OMP1MK6CJ.avi,40,491,0,0,1
0XHZCU684OMP1MK6CJ.avi,41,530,0,0,0
0XHZCU684OMP1MK6CJ.avi,42,637,0,0,0
0XHZCU684OMP1MK6CJ.avi,43,641,0,0,0
0XHZCU684OMP1MK6CJ.avi,44,630,0,0,0
0XHZCU684OMP1MK6CJ.avi,45,905,0,0,0
0XHZCU684OMP1MK6CJ.avi,46,839,0,0,0
0XHZCU684OMP1MK6CJ.avi,47,774,0,0,0
0XHZCU684OMP1MK6CJ.avi,48,605,0,0,0
0XHZCU684OMP1MK6CJ.avi,49,622,0,0,0
0XHZCU684OMP1MK6CJ.avi,50,711,0,0,0
0XHZCU684OMP1MK6CJ.avi,51,761,0,0,0
0XHZCU684OMP1MK6CJ.avi,52,651,0,0,0
0XHZCU684OMP1MK6CJ.avi,53,731,0,0,0
0XHZCU684OMP1MK6CJ.avi,54,500,0,0,0
0XHZCU684OMP1MK6CJ.avi,55,662,0,0,0
0XHZCU684OMP1MK6CJ.avi,56,897,0,0,0
0XHZCU684OMP1MK6CJ.avi,57,1125,0,0,0
0XHZCU684OMP1MK6CJ.avi,58,993,0,0,0
0XHZCU684OMP1MK6CJ.avi,59,1112,0,0,0
0XHZCU684OMP1MK6CJ.avi,60,980,0,0,0
0XHZCU684OMP1MK6CJ.avi,61,1068,0,0,0
0XHZCU684OMP1MK6CJ.avi,62,1038,0,0,0
0XHZCU684OMP1MK6CJ.avi,63,982,0,0,0
0XHZCU684OMP1MK6CJ.avi,64,927,0,0,0
0XHZCU684OMP1MK6CJ.avi,65,952,0,0,0
0XHZCU684OMP1MK6CJ.avi,66,847,0,0,0
0XHZCU684OMP1MK6CJ.avi,67,846,0,0,0
0XHZCU684OMP1MK6CJ.avi,68,905,0,0,0
0XHZCU684OMP1MK6CJ.avi,69,760,0,0,0
0XHZCU684OMP1MK6CJ.avi,70,897,0,0,0
0XHZCU684OMP1MK6CJ.avi,71,874,0,0,0
0XHZCU684OMP1MK6CJ.avi,72,971,0,0,0
0XHZCU684OMP1MK6CJ.avi,73,924,0,0,0
0XHZCU684OMP1MK6CJ.avi,74,926,0,0,0
0XHZCU684OMP1MK6CJ.avi,75,760,0,0,0
0XHZCU684OMP1MK6CJ.avi,76,817,0,0,0
0XHZCU684OMP1MK6CJ.avi,77,809,0,0,0
0XHZCU684OMP1MK6CJ.avi,78,850,0,0,0
0XHZCU684OMP1MK6CJ.avi,79,758,0,0,0
0XHZCU684OMP1MK6CJ.avi,80,781,0,0,0
0XHZCU684OMP1MK6CJ.avi,81,823,0,0,0
0XHZCU684OMP1MK6CJ.avi,82,703,0,0,0
0XHZCU684OMP1MK6CJ.avi,83,786,0,0,0
0XHZCU684OMP1MK6CJ.avi,84,733,0,0,0
0X06MQ1ALA42J6XV0I.avi,0,733,0,0,0
0X06MQ1ALA42J6XV0I.avi,1,758,0,0,0
0X06MQ1ALA42J6XV0I.avi,2,731,0,0,0
0X06MQ1ALA42J6XV0I.avi,3,704,0,0,0
0X06MQ1ALA42J6XV0I.avi,4,678,0,0,0
0X06MQ1ALA42J6XV0I.avi,5,655,0,0,0
0X06MQ1ALA42J6XV0I.avi,6,613,0,0,0
0X06MQ1ALA42J6XV0I.avi,7,570,0,0,0
0X06MQ1ALA42J6XV0I.avi,8,573,0,0,0
0X06MQ1ALA42J6XV0I.avi,9,535,0,0,0
0X06MQ1ALA42J6XV0I.avi,10,512,0,0,0
0X06MQ1ALA42J6XV0I.avi,11,480,0,0,0
0X06MQ1ALA42J6XV0I.avi,12,450,0,0,0
0X06MQ1ALA42J6XV0I.avi,13,438,0,0,0
0X06MQ1ALA42J6XV0I.avi,14,411,0,0,0
0X06MQ1ALA42J6XV0I.avi,15,387,0,0,0
0X06MQ1ALA42J6XV0I.avi,16,369,0,0,0
0X06MQ1ALA42J6XV0I.avi,17,383,0,0,0
0X06MQ1ALA42J6XV0I.avi,18,364,0,0,1
0X06MQ1ALA42J6XV0I.avi,19,382,0,0,0
0X06MQ1ALA42J6XV0I.avi,20,409,0,0,0
0X06MQ1ALA42J6XV0I.avi,21,415,0,0,0
0X06MQ1ALA42J6XV0I.avi,22,425,0,0,0
0X06MQ1ALA42J6XV0I.avi,23,445,0,0,0
0X06MQ1ALA42J6XV0I.avi,24,430,0,0,0
0X06MQ1ALA42J6XV0I.avi,25,502,0,0,0
0X06MQ1ALA42J6XV0I.avi,26,488,0,0,0
0X06MQ1ALA42J6XV0I.avi,27,511,0,0,0
0X06MQ1ALA42J6XV0I.avi,28,576,0,0,0
0X06MQ1ALA42J6XV0I.avi,29,570,0,0,0
0X06MQ1ALA42J6XV0I.avi,30,605,0,0,0
0X06MQ1ALA42J6XV0I.avi,31,638,0,0,0
0X06MQ1ALA42J6XV0I.avi,32,680,0,0,0
0X06MQ1ALA42J6XV0I.avi,33,635,0,0,0
0X06MQ1ALA42J6XV0I.avi,34,654,0,0,0
0X06MQ1ALA42J6XV0I.avi,35,641,0,0,0
0X06MQ1ALA42J6XV0I.avi,36,642,0,0,0
0X06MQ1ALA42J6XV0I.avi,37,650,0,0,0
0X06MQ1ALA42J6XV0I.avi,38,639,0,0,0
0X06MQ1ALA42J6XV0I.avi,39,637,0,0,0
0X06MQ1ALA42J6XV0I.avi,40,644,0,0,0
0X06MQ1ALA42J6XV0I.avi,41,638,0,0,0
0X06MQ1ALA42J6XV0I.avi,42,651,0,0,0
0X06MQ1ALA42J6XV0I.avi,43,660,0,0,0
0X06MQ1ALA42J6XV0I.avi,44,654,0,0,0
0X06MQ1ALA42J6XV0I.avi,45,629,0,0,0
0X06MQ1ALA42J6XV0I.avi,46,643,0,0,0
0X06MQ1ALA42J6XV0I.avi,47,680,0,0,0
0X06MQ1ALA42J6XV0I.avi,48,732,0,0,0
0X06MQ1ALA42J6XV0I.avi,49,764,0,0,0
0X06MQ1ALA42J6XV0I.avi,50,774,0,0,0
0X06MQ1ALA42J6XV0I.avi,51,793,0,0,0
0X06MQ1ALA42J6XV0I.avi,52,768,0,0,0
0X06MQ1ALA42J6XV0I.avi,53,752,0,0,0
0X06MQ1ALA42J6XV0I.avi,54,768,0,0,0
0X06MQ1ALA42J6XV0I.avi,55,723,0,0,0
0X06MQ1ALA42J6XV0I.avi,56,675,0,0,0
0X06MQ1ALA42J6XV0I.avi,57,655,0,0,0
0X06MQ1ALA42J6XV0I.avi,58,615,0,0,0
0X06MQ1ALA42J6XV0I.avi,59,594,0,0,0
0X06MQ1ALA42J6XV0I.avi,60,566,0,0,0
0X06MQ1ALA42J6XV0I.avi,61,545,0,0,0
0X06MQ1ALA42J6XV0I.avi,62,502,0,0,0
0X06MQ1ALA42J6XV0I.avi,63,470,0,0,0
0X06MQ1ALA42J6XV0I.avi,64,445,0,0,0
0X06MQ1ALA42J6XV0I.avi,65,431,0,0,0
0X06MQ1ALA42J6XV0I.avi,66,433,0,0,0
0X06MQ1ALA42J6XV0I.avi,67,408,0,0,0
0X06MQ1ALA42J6XV0I.avi,68,409,0,0,0
0X06MQ1ALA42J6XV0I.avi,69,405,0,0,1
0X06MQ1ALA42J6XV0I.avi,70,407,0,0,0
0X06MQ1ALA42J6XV0I.avi,71,444,0,0,0
0X06MQ1ALA42J6XV0I.avi,72,448,0,0,0
0X06MQ1ALA42J6XV0I.avi,73,447,0,0,0
0X06MQ1ALA42J6XV0I.avi,74,474,0,0,0
0X06MQ1ALA42J6XV0I.avi,75,447,0,0,0
0X06MQ1ALA42J6XV0I.avi,76,489,0,0,0
0X06MQ1ALA42J6XV0I.avi,77,500,0,0,0
0X06MQ1ALA42J6XV0I.avi,78,563,0,0,0
0X06MQ1ALA42J6XV0I.avi,79,554,0,0,0
0X06MQ1ALA42J6XV0I.avi,80,602,0,0,0
0X06MQ1ALA42J6XV0I.avi,81,636,0,0,0
0X06MQ1ALA42J6XV0I.avi,82,631,0,0,0
0X06MQ1ALA42J6XV0I.avi,83,639,0,0,0
0X06MQ1ALA42J6XV0I.avi,84,616,0,0,0
0X06MQ1ALA42J6XV0I.avi,85,592,0,0,0
0X06MQ1ALA42J6XV0I.avi,86,569,0,0,0
0X06MQ1ALA42J6XV0I.avi,87,571,0,0,0
0X06MQ1ALA42J6XV0I.avi,88,568,0,0,0
0X06MQ1ALA42J6XV0I.avi,89,578,0,0,0
0X06MQ1ALA42J6XV0I.avi,90,565,0,0,0
0X06MQ1ALA42J6XV0I.avi,91,557,0,0,0
0X06MQ1ALA42J6XV0I.avi,92,564,0,0,0
0X06MQ1ALA42J6XV0I.avi,93,559,0,0,0
0X06MQ1ALA42J6XV0I.avi,94,576,0,0,0
0X06MQ1ALA42J6XV0I.avi,95,643,0,0,0
0X06MQ1ALA42J6XV0I.avi,96,654,0,0,0
0X06MQ1ALA42J6XV0I.avi,97,690,0,0,0
0X06MQ1ALA42J6XV0I.avi,98,685,0,0,0
0X06MQ1ALA42J6XV0I.avi,99,664,0,0,0
0XNUTUA5D5HZNFMESP.avi,0,892,0,0,0
0XNUTUA5D5HZNFMESP.avi,1,864,0,0,0
0XNUTUA5D5HZNFMESP.avi,2,836,0,0,0
0XNUTUA5D5HZNFMESP.avi,3,801,0,0,0
0XNUTUA5D5HZNFMESP.avi,4,830,0,0,0
0XNUTUA5D5HZNFMESP.avi,5,826,0,0,0
0XNUTUA5D5HZNFMESP.avi,6,817,0,0,0
0XNUTUA5D5HZNFMESP.avi,7,774,0,0,0
0XNUTUA5D5HZNFMESP.avi,8,758,0,0,0
0XNUTUA5D5HZNFMESP.avi,9,744,0,0,0
0XNUTUA5D5HZNFMESP.avi,10,804,0,0,0
0XNUTUA5D5HZNFMESP.avi,11,930,0,0,0
0XNUTUA5D5HZNFMESP.avi,12,868,0,0,0
0XNUTUA5D5HZNFMESP.avi,13,790,0,0,0
0XNUTUA5D5HZNFMESP.avi,14,851,0,0,0
0XNUTUA5D5HZNFMESP.avi,15,798,0,0,0
0XNUTUA5D5HZNFMESP.avi,16,803,0,0,0
0XNUTUA5D5HZNFMESP.avi,17,902,0,0,0
0XNUTUA5D5HZNFMESP.avi,18,824,0,0,0
0XNUTUA5D5HZNFMESP.avi,19,852,0,0,0
0XNUTUA5D5HZNFMESP.avi,20,809,0,0,0
0XNUTUA5D5HZNFMESP.avi,21,772,0,0,0
0XNUTUA5D5HZNFMESP.avi,22,777,0,0,0
0XNUTUA5D5HZNFMESP.avi,23,737,0,0,0
0XNUTUA5D5HZNFMESP.avi,24,666,0,0,0
0XNUTUA5D5HZNFMESP.avi,25,594,0,0,0
0XNUTUA5D5HZNFMESP.avi,26,593,0,0,1
0XNUTUA5D5HZNFMESP.avi,27,676,0,0,0
0XNUTUA5D5HZNFMESP.avi,28,719,0,0,0
0XNUTUA5D5HZNFMESP.avi,29,810,0,0,0
0XNUTUA5D5HZNFMESP.avi,30,618,0,0,0
0XNUTUA5D5HZNFMESP.avi,31,721,0,0,0
0XNUTUA5D5HZNFMESP.avi,32,833,0,0,0
0XNUTUA5D5HZNFMESP.avi,33,734,0,0,0
0XNUTUA5D5HZNFMESP.avi,34,774,0,0,0
0XNUTUA5D5HZNFMESP.avi,35,831,0,0,0
0XNUTUA5D5HZNFMESP.avi,36,931,0,0,0
0XNUTUA5D5HZNFMESP.avi,37,893,0,0,0
0XNUTUA5D5HZNFMESP.avi,38,888,0,0,0
0XNUTUA5D5HZNFMESP.avi,39,773,0,0,0
0XNUTUA5D5HZNFMESP.avi,40,742,0,0,0
0XNUTUA5D5HZNFMESP.avi,41,611,0,0,0
0XNUTUA5D5HZNFMESP.avi,42,746,0,0,0
0XNUTUA5D5HZNFMESP.avi,43,660,0,0,0
0XNUTUA5D5HZNFMESP.avi,44,767,0,0,0
0XNUTUA5D5HZNFMESP.avi,45,874,0,0,0
0XNUTUA5D5HZNFMESP.avi,46,825,0,0,0
0XNUTUA5D5HZNFMESP.avi,47,930,0,0,0
0XNUTUA5D5HZNFMESP.avi,48,905,0,0,0
0XNUTUA5D5HZNFMESP.avi,49,871,0,0,0
0XNUTUA5D5HZNFMESP.avi,50,1029,0,0,0
0XNUTUA5D5HZNFMESP.avi,51,965,0,0,0
0XNUTUA5D5HZNFMESP.avi,52,1005,0,0,0
0XNUTUA5D5HZNFMESP.avi,53,922,0,0,0
0XNUTUA5D5HZNFMESP.avi,54,917,0,0,0
0XNUTUA5D5HZNFMESP.avi,55,864,0,0,0
0XNUTUA5D5HZNFMESP.avi,56,894,0,0,0
0XNUTUA5D5HZNFMESP.avi,57,847,0,0,0
0XNUTUA5D5HZNFMESP.avi,58,801,0,0,0
0XNUTUA5D5HZNFMESP.avi,59,775,0,0,0
0XNUTUA5D5HZNFMESP.avi,60,807,0,0,0
0XNUTUA5D5HZNFMESP.avi,61,749,0,0,0
0XNUTUA5D5HZNFMESP.avi,62,768,0,0,0
0XNUTUA5D5HZNFMESP.avi,63,746,0,0,0
0XNUTUA5D5HZNFMESP.avi,64,754,0,0,0
0XNUTUA5D5HZNFMESP.avi,65,786,0,0,0
0XNUTUA5D5HZNFMESP.avi,66,685,0,0,0
0XNUTUA5D5HZNFMESP.avi,67,709,0,0,0
0XNUTUA5D5HZNFMESP.avi,68,744,0,0,0
0XNUTUA5D5HZNFMESP.avi,69,619,0,0,0
0XNUTUA5D5HZNFMESP.avi,70,599,0,0,0
0XNUTUA5D5HZNFMESP.avi,71,631,0,0,0
0XNUTUA5D5HZNFMESP.avi,72,623,0,0,0
0XNUTUA5D5HZNFMESP.avi,73,657,0,0,0
0XNUTUA5D5HZNFMESP.avi,74,541,0,0,1
0XNUTUA5D5HZNFMESP.avi,75,706,0,0,0
0XNUTUA5D5HZNFMESP.avi,76,606,0,0,0
0XNUTUA5D5HZNFMESP.avi,77,593,0,0,0
0XNUTUA5D5HZNFMESP.avi,78,638,0,0,0
0XNUTUA5D5HZNFMESP.avi,79,726,0,0,0
0XNUTUA5D5HZNFMESP.avi,80,733,0,0,0
0XNUTUA5D5HZNFMESP.avi,81,687,0,0,0
0XNUTUA5D5HZNFMESP.avi,82,692,0,0,0
0XNUTUA5D5HZNFMESP.avi,83,644,0,0,0
0XNUTUA5D5HZNFMESP.avi,84,730,0,0,0
0XNUTUA5D5HZNFMESP.avi,85,760,0,0,0
0XNUTUA5D5HZNFMESP.avi,86,646,0,0,0
0XNUTUA5D5HZNFMESP.avi,87,641,0,0,0
0XNUTUA5D5HZNFMESP.avi,88,731,0,0,0
0XNUTUA5D5HZNFMESP.avi,89,876,0,0,0
0XNUTUA5D5HZNFMESP.avi,90,812,0,0,0
0XNUTUA5D5HZNFMESP.avi,91,798,0,0,0
0XOG1REISGO29VVW4G.avi,0,763,0,0,0
0XOG1REISGO29VVW4G.avi,1,795,0,0,0
0XOG1REISGO29VVW4G.avi,2,829,0,0,0
0XOG1REISGO29VVW4G.avi,3,843,0,0,0
0XOG1REISGO29VVW4G.avi,4,839,0,0,0
0XOG1REISGO29VVW4G.avi,5,806,0,0,0
0XOG1REISGO29VVW4G.avi,6,776,0,0,0
0XOG1REISGO29VVW4G.avi,7,738,0,0,0
0XOG1REISGO29VVW4G.avi,8,709,0,0,0
0XOG1REISGO29VVW4G.avi,9,689,0,0,0
0XOG1REISGO29VVW4G.avi,10,672,0,0,0
0XOG1REISGO29VVW4G.avi,11,688,0,0,0
0XOG1REISGO29VVW4G.avi,12,680,0,0,0
0XOG1REISGO29VVW4G.avi,13,653,0,0,0
0XOG1REISGO29VVW4G.avi,14,658,0,0,0
0XOG1REISGO29VVW4G.avi,15,681,0,0,0
0XOG1REISGO29VVW4G.avi,16,716,0,0,0
0XOG1REISGO29VVW4G.avi,17,705,0,0,0
0XOG1REISGO29VVW4G.avi,18,777,0,0,0
0XOG1REISGO29VVW4G.avi,19,681,0,0,0
0XOG1REISGO29VVW4G.avi,20,747,0,0,0
0XOG1REISGO29VVW4G.avi,21,720,0,0,0
0XOG1REISGO29VVW4G.avi,22,790,0,0,0
0XOG1REISGO29VVW4G.avi,23,785,0,0,0
0XOG1REISGO29VVW4G.avi,24,766,0,0,0
0XOG1REISGO29VVW4G.avi,25,692,0,0,0
0XOG1REISGO29VVW4G.avi,26,734,0,0,0
0XOG1REISGO29VVW4G.avi,27,698,0,0,0
0XOG1REISGO29VVW4G.avi,28,653,0,0,0
0XOG1REISGO29VVW4G.avi,29,576,0,0,0
0XOG1REISGO29VVW4G.avi,30,516,0,0,1
0XOG1REISGO29VVW4G.avi,31,623,0,0,0
0XOG1REISGO29VVW4G.avi,32,658,0,0,0
0XOG1REISGO29VVW4G.avi,33,637,0,0,0
0XOG1REISGO29VVW4G.avi,34,629,0,0,0
0XOG1REISGO29VVW4G.avi,35,647,0,0,0
0XOG1REISGO29VVW4G.avi,36,632,0,0,0
0XOG1REISGO29VVW4G.avi,37,639,0,0,0
0XOG1REISGO29VVW4G.avi,38,746,0,0,0
0XOG1REISGO29VVW4G.avi,39,689,0,0,0
0XOG1REISGO29VVW4G.avi,40,623,0,0,0
0XOG1REISGO29VVW4G.avi,41,630,0,0,0
0XOG1REISGO29VVW4G.avi,42,628,0,0,0
0XOG1REISGO29VVW4G.avi,43,675,0,0,0
0XOG1REISGO29VVW4G.avi,44,673,0,0,0
0XOG1REISGO29VVW4G.avi,45,708,0,0,0
0XOG1REISGO29VVW4G.avi,46,762,0,0,0
0XOG1REISGO29VVW4G.avi,47,762,0,0,0
0XOG1REISGO29VVW4G.avi,48,781,0,0,0
0XOG1REISGO29VVW4G.avi,49,808,0,0,0
0XOG1REISGO29VVW4G.avi,50,792,0,0,0
0XOG1REISGO29VVW4G.avi,51,743,0,0,0
0XOG1REISGO29VVW4G.avi,52,759,0,0,0
0XOG1REISGO29VVW4G.avi,53,747,0,0,0
0XOG1REISGO29VVW4G.avi,54,732,0,0,0
0XOG1REISGO29VVW4G.avi,55,795,0,0,0
0XOG1REISGO29VVW4G.avi,56,767,0,0,0
0XOG1REISGO29VVW4G.avi,57,794,0,0,0
0XOG1REISGO29VVW4G.avi,58,761,0,0,0
0XOG1REISGO29VVW4G.avi,59,800,0,0,0
0XOG1REISGO29VVW4G.avi,60,807,0,0,0
0XOG1REISGO29VVW4G.avi,61,854,0,0,0
0XOG1REISGO29VVW4G.avi,62,975,0,0,0
0XOG1REISGO29VVW4G.avi,63,852,0,0,0
0XOG1REISGO29VVW4G.avi,64,862,0,0,0
0XOG1REISGO29VVW4G.avi,65,846,0,0,0
0XOG1REISGO29VVW4G.avi,66,848,0,0,0
0XOG1REISGO29VVW4G.avi,67,813,0,0,0
0XOG1REISGO29VVW4G.avi,68,908,0,0,0
0XOG1REISGO29VVW4G.avi,69,902,0,0,0
0XOG1REISGO29VVW4G.avi,70,946,0,0,0
0XOG1REISGO29VVW4G.avi,71,824,0,0,0
0XOG1REISGO29VVW4G.avi,72,772,0,0,0
0XOG1REISGO29VVW4G.avi,73,782,0,0,0
0XOG1REISGO29VVW4G.avi,74,822,0,0,0
0XOG1REISGO29VVW4G.avi,75,819,0,0,0
0XOG1REISGO29VVW4G.avi,76,912,0,0,0
0XOG1REISGO29VVW4G.avi,77,894,0,0,0
0XOG1REISGO29VVW4G.avi,78,862,0,0,0
0XOG1REISGO29VVW4G.avi,79,934,0,0,0
0XOG1REISGO29VVW4G.avi,80,905,0,0,0
0XOG1REISGO29VVW4G.avi,81,894,0,0,0
0XOG1REISGO29VVW4G.avi,82,950,0,0,0
0XOG1REISGO29VVW4G.avi,83,945,0,0,0
0XOG1REISGO29VVW4G.avi,84,867,0,0,0
0XOG1REISGO29VVW4G.avi,85,821,0,0,0
0XOG1REISGO29VVW4G.avi,86,962,0,0,0
0XOG1REISGO29VVW4G.avi,87,892,0,0,0
0XOG1REISGO29VVW4G.avi,88,868,0,0,0
0XOG1REISGO29VVW4G.avi,89,843,0,0,0
0XOG1REISGO29VVW4G.avi,90,806,0,0,0
